title,episode,view_rate,broadcasted_date
그놈이 그놈이다,16,3.1,2020-9-1
그놈이 그놈이다,15,3.1,2020-8-31
그놈이 그놈이다,14,2.8,2020-8-18
그놈이 그놈이다,13,2.8,2020-8-17
그놈이 그놈이다,12,3.1,2020-8-11
그놈이 그놈이다,11,3.7,2020-8-10
그놈이 그놈이다,10,3.3,2020-8-4
그놈이 그놈이다,9,3.2,2020-8-3
그놈이 그놈이다,8,3.8,2020-7-28
그놈이 그놈이다,7,3.1,2020-7-27
그놈이 그놈이다,6,3.3,2020-7-21
그놈이 그놈이다,5,3.4,2020-7-20
그놈이 그놈이다,4,3.3,2020-7-14
그놈이 그놈이다,3,3.8,2020-7-13
그놈이 그놈이다,2,4.4,2020-7-7
그놈이 그놈이다,1,3.9,2020-7-6
출사표,16,2.9,2020-8-20
출사표,15,2.9,2020-8-19
출사표,14,3.1,2020-8-13
출사표,13,3,2020-8-12
출사표,12,2.4,2020-8-6
출사표,11,3.1,2020-8-5
출사표,10,3.2,2020-7-30
출사표,9,3.3,2020-7-29
출사표,8,3.2,2020-7-23
출사표,7,3,2020-7-22
출사표,6,2.9,2020-7-16
출사표,5,2.7,2020-7-15
출사표,4,3.3,2020-7-9
출사표,3,3.2,2020-7-8
출사표,2,3.7,2020-7-2
출사표,1,3.5,2020-7-1
영혼수선공,32,2.3,2020-6-25
영혼수선공,31,2.1,2020-6-25
영혼수선공,30,2.5,2020-6-24
영혼수선공,29,2,2020-6-24
영혼수선공,28,2.1,2020-6-18
영혼수선공,27,1.7,2020-6-18
영혼수선공,26,1.9,2020-6-17
영혼수선공,25,1.5,2020-6-17
영혼수선공,24,1.7,2020-6-11
영혼수선공,23,1.4,2020-6-11
영혼수선공,22,2.1,2020-6-10
영혼수선공,21,1.9,2020-6-10
영혼수선공,20,2.7,2020-6-4
영혼수선공,19,2.3,2020-6-4
영혼수선공,18,2.2,2020-6-3
영혼수선공,17,2.1,2020-6-3
영혼수선공,16,2.5,2020-5-28
영혼수선공,15,1.8,2020-5-28
영혼수선공,14,2.7,2020-5-27
영혼수선공,13,2,2020-5-27
영혼수선공,12,3.3,2020-5-21
영혼수선공,11,2.2,2020-5-21
영혼수선공,10,2.6,2020-5-20
영혼수선공,9,2.3,2020-5-20
영혼수선공,8,3,2020-5-14
영혼수선공,7,2.2,2020-5-14
영혼수선공,6,3.8,2020-5-13
영혼수선공,5,3.7,2020-5-13
영혼수선공,4,4.4,2020-5-7
영혼수선공,3,3.1,2020-5-7
영혼수선공,2,5.2,2020-5-6
영혼수선공,1,4.7,2020-5-6
본 어게인,32,2.4,2020-6-9
본 어게인,31,1.7,2020-6-9
본 어게인,30,2.4,2020-6-8
본 어게인,29,2.2,2020-6-8
본 어게인,28,2.1,2020-6-2
본 어게인,27,1.5,2020-6-2
본 어게인,26,2.3,2020-6-1
본 어게인,25,1.4,2020-6-1
본 어게인,24,1.6,2020-5-26
본 어게인,23,1.3,2020-5-26
본 어게인,22,2,2020-5-25
본 어게인,21,1.3,2020-5-25
본 어게인,20,2,2020-5-19
본 어게인,19,1.5,2020-5-19
본 어게인,18,2.9,2020-5-18
본 어게인,17,2.4,2020-5-18
본 어게인,16,2.3,2020-5-12
본 어게인,15,1.7,2020-5-12
본 어게인,14,2.3,2020-5-11
본 어게인,13,2,2020-5-11
본 어게인,12,2.9,2020-5-5
본 어게인,11,2.4,2020-5-5
본 어게인,10,3.3,2020-5-4
본 어게인,9,2.3,2020-5-4
본 어게인,8,3,2020-4-28
본 어게인,7,3,2020-4-28
본 어게인,6,3.5,2020-4-27
본 어게인,5,2.8,2020-4-27
본 어게인,4,2.8,2020-4-21
본 어게인,3,2.4,2020-4-21
본 어게인,2,4.1,2020-4-20
본 어게인,1,3.7,2020-4-20
어서와,24,1,2020-4-30
어서와,23,0.8,2020-04-30
어서와,22,1.4,2020-4-29
어서와,21,1.4,2020-4-29
어서와,20,1.1,2020-4-23
어서와,19,1,2020-4-23
어서와,18,1.7,2020-4-22
어서와,17,1.8,2020-4-22
어서와,16,1.1,2020-4-16
어서와,15,0.9,2020-4-16
어서와,14,1.8,2020-4-15
어서와,13,1.8,2020-4-15
어서와,12,1.6,2020-4-9
어서와,11,1.5,2020-4-9
어서와,10,1.9,2020-4-8
어서와,9,2,2020-4-8
어서와,8,1.7,2020-4-2
어서와,7,1.5,2020-4-2
어서와,6,2.1,2020-4-1
어서와,5,2.7,2020-4-1
어서와,4,1.8,2020-3-26
어서와,3,1.6,2020-3-26
어서와,2,2.8,2020-3-25
어서와,1,3.6,2020-3-25
계약우정,8,1.8,2020-4-14
계약우정,7,1.4,2020-4-14
계약우정,6,2.4,2020-4-13
계약우정,5,2.6,2020-4-13
계약우정,4,1.6,2020-4-7
계약우정,3,1.4,2020-4-7
계약우정,2,2.7,2020-4-6
계약우정,1,2.3,2020-4-6
포레스트,32,5.3,2020-3-19
포레스트,31,4.3,2020-3-19
포레스트,30,4.2,2020-3-18
포레스트,29,4.3,2020-3-18
포레스트,28,3.1,2020-3-12
포레스트,27,2.6,2020-3-12
포레스트,26,4.7,2020-3-11
포레스트,25,4.2,2020-3-11
포레스트,24,3.6,2020-3-5
포레스트,23,3.5,2020-3-5
포레스트,22,4.5,2020-3-4
포레스트,21,4.8,2020-3-4
포레스트,20,4.9,2020-2-27
포레스트,19,4.3,2020-2-27
포레스트,18,5.8,2020-2-26
포레스트,17,5.2,2020-2-26
포레스트,16,4.1,2020-2-20
포레스트,15,4.1,2020-2-20
포레스트,14,6.2,2020-2-19
포레스트,13,5.5,2020-2-19
포레스트,12,5.2,2020-2-13
포레스트,11,4.8,2020-2-13
포레스트,10,7.4,2020-2-12
포레스트,9,6.1,2020-2-12
포레스트,8,5.3,2020-2-6
포레스트,7,5.2,2020-2-6
포레스트,6,6.9,2020-2-5
포레스트,5,6.2,2020-2-5
포레스트,4,5.1,2020-1-30
포레스트,3,4.7,2020-1-30
포레스트,2,7.4,2020-1-29
포레스트,1,7.1,2020-1-29
99억의 여자,32,8.5,2020-1-23
99억의 여자,31,6.8,2020-1-23
99억의 여자,30,9.2,2020-1-22
99억의 여자,29,8.6,2020-1-22
99억의 여자,28,8.1,2020-1-16
99억의 여자,27,7.1,2020-1-16
99억의 여자,26,10.1,2020-1-15
99억의 여자,25,8.8,2020-1-15
99억의 여자,24,8.3,2020-1-9
99억의 여자,23,6.8,2020-1-9
99억의 여자,22,10.8,2020-1-8
99억의 여자,21,9.3,2020-1-8
99억의 여자,20,9.1,2020-1-2
99억의 여자,19,8.1,2020-1-2
99억의 여자,18,11.6,2020-1-1
99억의 여자,17,9.5,2020-1-1
99억의 여자,16,9.7,2019-12-26
99억의 여자,15,8.2,2019-12-26
99억의 여자,14,11.4,2019-12-25
99억의 여자,13,9.9,2019-12-25
99억의 여자,12,10.0,2019-12-19
99억의 여자,11,8.6,2019-12-19
99억의 여자,10,9.9,2019-12-18
99억의 여자,9,8.9,2019-12-18
99억의 여자,8,9.3,2019-12-12
99억의 여자,7,7.8,2019-12-12
99억의 여자,6,11.3,2019-12-11
99억의 여자,5,9.4,2019-12-11
99억의 여자,4,8.5,2019-12-5
99억의 여자,3,7.0,2019-12-5
99억의 여자,2,8.7,2019-12-4
99억의 여자,1,7.2,2019-12-4
조선로코-녹두전,32,7.3,2019-11-25
조선로코-녹두전,31,6.0,2019-11-25
조선로코-녹두전,30,7.8,2019-11-19
조선로코-녹두전,29,6.3,2019-11-19
조선로코-녹두전,28,6.5,2019-11-18
조선로코-녹두전,27,5.6,2019-11-18
조선로코-녹두전,26,7.7,2019-11-12
조선로코-녹두전,25,5.4,2019-11-12
조선로코-녹두전,24,6.9,2019-11-11
조선로코-녹두전,23,5.1,2019-11-11
조선로코-녹두전,22,6.2,2019-11-5
조선로코-녹두전,21,4.7,2019-11-5
조선로코-녹두전,20,6.4,2019-11-4
조선로코-녹두전,19,4.6,2019-11-4
조선로코-녹두전,18,7.4,2019-10-29
조선로코-녹두전,17,6.0,2019-10-29
조선로코-녹두전,16,7.3,2019-10-28
조선로코-녹두전,15,4.9,2019-10-28
조선로코-녹두전,14,6.0,2019-10-22
조선로코-녹두전,13,6.2,2019-10-22
조선로코-녹두전,12,5.9,2019-10-21
조선로코-녹두전,11,4.3,2019-10-21
조선로코-녹두전,10,6.6,2019-10-15
조선로코-녹두전,9,5.0,2019-10-15
조선로코-녹두전,8,6.7,2019-10-8
조선로코-녹두전,7,5.8,2019-10-8
조선로코-녹두전,6,7.1,2019-10-7
조선로코-녹두전,5,5.4,2019-10-7
조선로코-녹두전,4,8.3,2019-10-1
조선로코-녹두전,3,6.5,2019-10-1
조선로코-녹두전,2,7.1,2019-9-30
조선로코-녹두전,1,5.6,2019-9-30
동백꽃 필 무렵,40,23.8,2019-11-21
동백꽃 필 무렵,39,19.7,2019-11-21
동백꽃 필 무렵,38,20.4,2019-11-20
동백꽃 필 무렵,37,18.1,2019-11-20
동백꽃 필 무렵,36,18.1,2019-11-14
동백꽃 필 무렵,35,14.0,2019-11-14
동백꽃 필 무렵,34,20.7,2019-11-13
동백꽃 필 무렵,33,17.9,2019-11-13
동백꽃 필 무렵,32,18.8,2019-11-7
동백꽃 필 무렵,31,15.7,2019-11-7
동백꽃 필 무렵,30,18.2,2019-11-6
동백꽃 필 무렵,29,15.2,2019-11-6
동백꽃 필 무렵,28,18.4,2019-10-31
동백꽃 필 무렵,27,15.0,2019-10-31
동백꽃 필 무렵,26,16.9,2019-10-30
동백꽃 필 무렵,25,14.3,2019-10-30
동백꽃 필 무렵,24,16.2,2019-10-24
동백꽃 필 무렵,23,13.3,2019-10-24
동백꽃 필 무렵,22,16.9,2019-10-23
동백꽃 필 무렵,21,12.9,2019-10-23
동백꽃 필 무렵,20,14.9,2019-10-17
동백꽃 필 무렵,19,12.1,2019-10-17
동백꽃 필 무렵,18,13.4,2019-10-16
동백꽃 필 무렵,17,11.0,2019-10-16
동백꽃 필 무렵,16,14.5,2019-10-10
동백꽃 필 무렵,15,11.0,2019-10-10
동백꽃 필 무렵,14,13.1,2019-10-9
동백꽃 필 무렵,13,11.0,2019-10-9
동백꽃 필 무렵,12,12.9,2019-10-3
동백꽃 필 무렵,11,10.2,2019-10-3
동백꽃 필 무렵,10,11.5,2019-10-2
동백꽃 필 무렵,9,9.3,2019-10-2
동백꽃 필 무렵,8,10.0,2019-9-26
동백꽃 필 무렵,7,7.7,2019-9-26
동백꽃 필 무렵,6,10.0,2019-9-25
동백꽃 필 무렵,5,8.6,2019-9-25
동백꽃 필 무렵,4,8.3,2019-9-19
동백꽃 필 무렵,3,6.7,2019-9-19
동백꽃 필 무렵,2,7.4,2019-9-18
동백꽃 필 무렵,1,6.3,2019-9-18
너의 노래를 들려줘,32,4.0,2019-9-24
너의 노래를 들려줘,31,3.6,2019-9-24
너의 노래를 들려줘,30,3.5,2019-9-23
너의 노래를 들려줘,29,3.0,2019-9-23
너의 노래를 들려줘,28,3.6,2019-9-17
너의 노래를 들려줘,27,3.3,2019-9-17
너의 노래를 들려줘,26,3.2,2019-9-16
너의 노래를 들려줘,25,2.7,2019-9-16
너의 노래를 들려줘,24,3.7,2019-9-10
너의 노래를 들려줘,23,3.0,2019-9-10
너의 노래를 들려줘,22,3.4,2019-9-9
너의 노래를 들려줘,21,2.8,2019-9-9
너의 노래를 들려줘,20,2.5,2019-9-3
너의 노래를 들려줘,19,2.4,2019-9-3
너의 노래를 들려줘,18,2.8,2019-9-2
너의 노래를 들려줘,17,2.5,2019-9-2
너의 노래를 들려줘,16,3.7,2019-8-27
너의 노래를 들려줘,15,3.2,2019-8-27
너의 노래를 들려줘,14,2.9,2019-8-26
너의 노래를 들려줘,13,2.3,2019-8-26
너의 노래를 들려줘,12,3.2,2019-8-20
너의 노래를 들려줘,11,2.4,2019-8-20
너의 노래를 들려줘,10,3.1,2019-8-19
너의 노래를 들려줘,9,2.3,2019-8-19
너의 노래를 들려줘,8,3.2,2019-8-13
너의 노래를 들려줘,7,2.4,2019-8-13
너의 노래를 들려줘,6,2.7,2019-8-12
너의 노래를 들려줘,5,2.2,2019-8-12
너의 노래를 들려줘,4,4.0,2019-8-6
너의 노래를 들려줘,3,2.8,2019-8-6
너의 노래를 들려줘,2,3.3,2019-8-5
너의 노래를 들려줘,1,2.7,2019-8-5
저스티스,32,6.3,2019-9-5
저스티스,31,3.4,2019-9-5
저스티스,30,7.0,2019-9-4
저스티스,29,5.8,2019-9-4
저스티스,28,6.2,2019-8-29
저스티스,27,5.7,2019-8-29
저스티스,26,6.4,2019-8-28
저스티스,25,6.0,2019-8-28
저스티스,24,6.2,2019-8-22
저스티스,23,5.3,2019-8-22
저스티스,22,5.8,2019-8-21
저스티스,21,5.0,2019-8-21
저스티스,20,5.4,2019-8-15
저스티스,19,4.7,2019-8-15
저스티스,18,4.7,2019-8-14
저스티스,17,4.2,2019-8-14
저스티스,16,5.0,2019-8-8
저스티스,15,4.3,2019-8-8
저스티스,14,5.1,2019-8-7
저스티스,13,4.2,2019-8-7
저스티스,12,5.3,2019-8-1
저스티스,11,4.4,2019-8-1
저스티스,10,4.6,2019-7-31
저스티스,9,4.3,2019-7-31
저스티스,8,5.4,2019-7-25
저스티스,7,4.2,2019-7-25
저스티스,6,6.3,2019-7-24
저스티스,5,5.5,2019-7-24
저스티스,4,4.8,2019-7-18
저스티스,3,3.8,2019-7-18
저스티스,2,6.4,2019-7-17
저스티스,1,6.1,2019-7-17
퍼퓸,32,5.9,2019-7-23
퍼퓸,31,4.6,2019-7-23
퍼퓸,30,5.2,2019-7-22
퍼퓸,29,4.4,2019-7-22
퍼퓸,28,5.3,2019-7-16
퍼퓸,27,4.7,2019-7-16
퍼퓸,26,4.7,2019-7-15
퍼퓸,25,3.7,2019-7-15
퍼퓸,24,4.9,2019-7-9
퍼퓸,23,4.3,2019-7-9
퍼퓸,22,4.7,2019-7-8
퍼퓸,21,4.2,2019-7-8
퍼퓸,20,5.2,2019-7-2
퍼퓸,19,4.4,2019-7-2
퍼퓸,18,5.0,2019-7-1
퍼퓸,17,4.0,2019-7-1
퍼퓸,16,6.9,2019-6-25
퍼퓸,15,5.3,2019-6-25
퍼퓸,14,6.1,2019-6-24
퍼퓸,13,4.3,2019-6-24
퍼퓸,12,6.7,2019-6-18
퍼퓸,11,4.8,2019-6-18
퍼퓸,10,6.4,2019-6-17
퍼퓸,9,4.9,2019-6-17
퍼퓸,8,6.8,2019-6-11
퍼퓸,7,5.9,2019-6-11
퍼퓸,6,6.6,2019-6-10
퍼퓸,5,5.4,2019-6-10
퍼퓸,4,7.2,2019-6-4
퍼퓸,3,6.0,2019-6-4
퍼퓸,2,6.4,2019-6-3
퍼퓸,1,5.0,2019-6-3
"단, 하나의 사랑",32,7.2,2019-7-11
"단, 하나의 사랑",31,5.1,2019-7-11
"단, 하나의 사랑",30,7.8,2019-7-10
"단, 하나의 사랑",29,6.8,2019-7-10
"단, 하나의 사랑",28,7.2,2019-7-4
"단, 하나의 사랑",27,5.8,2019-7-4
"단, 하나의 사랑",26,6.6,2019-7-3
"단, 하나의 사랑",25,5.5,2019-7-3
"단, 하나의 사랑",24,7.1,2019-6-27
"단, 하나의 사랑",23,5.8,2019-6-27
"단, 하나의 사랑",22,8.1,2019-6-26
"단, 하나의 사랑",21,7.6,2019-6-26
"단, 하나의 사랑",20,7.9,2019-6-20
"단, 하나의 사랑",19,6.5,2019-6-20
"단, 하나의 사랑",18,7.9,2019-6-19
"단, 하나의 사랑",17,6.8,2019-6-19
"단, 하나의 사랑",16,7.8,2019-6-13
"단, 하나의 사랑",15,7.0,2019-6-13
"단, 하나의 사랑",14,7.3,2019-6-12
"단, 하나의 사랑",13,6.3,2019-6-12
"단, 하나의 사랑",12,8.7,2019-6-6
"단, 하나의 사랑",11,6.9,2019-6-6
"단, 하나의 사랑",10,7.9,2019-6-5
"단, 하나의 사랑",9,6.7,2019-6-5
"단, 하나의 사랑",8,8.4,2019-5-30
"단, 하나의 사랑",7,6.7,2019-5-30
"단, 하나의 사랑",6,9.4,2019-5-29
"단, 하나의 사랑",5,8.2,2019-5-29
"단, 하나의 사랑",4,8.6,2019-5-23
"단, 하나의 사랑",3,6.6,2019-5-23
"단, 하나의 사랑",2,9.2,2019-5-22
"단, 하나의 사랑",1,7.3,2019-5-22
국민 여러분,36,8.0,2019-5-28
국민 여러분,35,6.3,2019-5-28
국민 여러분,34,5.9,2019-5-27
국민 여러분,33,4.6,2019-5-27
국민 여러분,32,7.5,2019-5-21
국민 여러분,31,6.5,2019-5-21
국민 여러분,30,6.0,2019-5-20
국민 여러분,29,5.0,2019-5-20
국민 여러분,28,6.4,2019-5-14
국민 여러분,27,5.4,2019-5-14
국민 여러분,26,5.7,2019-5-13
국민 여러분,25,5.1,2019-5-13
국민 여러분,24,7.0,2019-5-7
국민 여러분,23,6.1,2019-5-7
국민 여러분,22,6.2,2019-5-6
국민 여러분,21,4.5,2019-5-6
국민 여러분,20,7.0,2019-4-30
국민 여러분,19,5.8,2019-4-30
국민 여러분,18,6.6,2019-4-29
국민 여러분,17,4.9,2019-4-29
국민 여러분,16,6.9,2019-4-23
국민 여러분,15,5.0,2019-4-23
국민 여러분,14,5.4,2019-4-22
국민 여러분,13,4.3,2019-4-22
국민 여러분,12,6.5,2019-4-16
국민 여러분,11,5.4,2019-4-16
국민 여러분,10,6.0,2019-4-15
국민 여러분,9,5.3,2019-4-15
국민 여러분,8,7.9,2019-4-9
국민 여러분,7,6.9,2019-4-9
국민 여러분,6,6.5,2019-4-8
국민 여러분,5,5.4,2019-4-8
국민 여러분,4,8.4,2019-4-2
국민 여러분,3,7.0,2019-4-2
국민 여러분,2,7.5,2019-4-1
국민 여러분,1,6.8,2019-4-1
닥터 프리즈너,32,15.8,2019-5-15
닥터 프리즈너,31,13.2,2019-5-15
닥터 프리즈너,30,14.2,2019-5-9
닥터 프리즈너,29,12.3,2019-5-9
닥터 프리즈너,28,14.5,2019-5-8
닥터 프리즈너,27,11.9,2019-5-8
닥터 프리즈너,26,13.6,2019-5-1
닥터 프리즈너,25,12.3,2019-5-1
닥터 프리즈너,24,13.4,2019-4-25
닥터 프리즈너,23,11.5,2019-4-25
닥터 프리즈너,22,14.6,2019-4-24
닥터 프리즈너,21,12.6,2019-4-24
닥터 프리즈너,20,14.7,2019-4-18
닥터 프리즈너,19,12.3,2019-4-18
닥터 프리즈너,18,14.5,2019-4-17
닥터 프리즈너,17,12.4,2019-4-17
닥터 프리즈너,16,14.7,2019-4-11
닥터 프리즈너,15,12.5,2019-4-11
닥터 프리즈너,14,15.2,2019-4-10
닥터 프리즈너,13,12.7,2019-4-10
닥터 프리즈너,12,14.6,2019-4-4
닥터 프리즈너,11,13.3,2019-4-4
닥터 프리즈너,10,15.4,2019-4-3
닥터 프리즈너,9,13.2,2019-4-3
닥터 프리즈너,8,14.5,2019-3-28
닥터 프리즈너,7,13.0,2019-3-28
닥터 프리즈너,6,13.9,2019-3-27
닥터 프리즈너,5,12.1,2019-3-27
닥터 프리즈너,4,14.1,2019-3-21
닥터 프리즈너,3,12.2,2019-3-21
닥터 프리즈너,2,9.8,2019-3-20
닥터 프리즈너,1,8.4,2019-3-20
동네변호사 조들호2 : 죄와벌,40,9.3,2019-3-26
동네변호사 조들호2 : 죄와벌,39,7.9,2019-3-26
동네변호사 조들호2 : 죄와벌,38,7.8,2019-3-25
동네변호사 조들호2 : 죄와벌,37,6.7,2019-3-25
동네변호사 조들호2 : 죄와벌,36,6.0,2019-3-19
동네변호사 조들호2 : 죄와벌,35,5.1,2019-3-19
동네변호사 조들호2 : 죄와벌,34,6.0,2019-3-18
동네변호사 조들호2 : 죄와벌,33,5.0,2019-3-18
동네변호사 조들호2 : 죄와벌,32,7.3,2019-3-12
동네변호사 조들호2 : 죄와벌,31,6.3,2019-3-12
동네변호사 조들호2 : 죄와벌,30,6.9,2019-3-11
동네변호사 조들호2 : 죄와벌,29,5.2,2019-3-11
동네변호사 조들호2 : 죄와벌,28,7.0,2019-3-5
동네변호사 조들호2 : 죄와벌,27,5.8,2019-3-5
동네변호사 조들호2 : 죄와벌,26,5.9,2019-3-4
동네변호사 조들호2 : 죄와벌,25,4.3,2019-3-4
동네변호사 조들호2 : 죄와벌,24,6.3,2019-2-26
동네변호사 조들호2 : 죄와벌,23,5.4,2019-2-26
동네변호사 조들호2 : 죄와벌,22,6.5,2019-2-25
동네변호사 조들호2 : 죄와벌,21,5.0,2019-2-25
동네변호사 조들호2 : 죄와벌,20,5.7,2019-2-19
동네변호사 조들호2 : 죄와벌,19,4.5,2019-2-19
동네변호사 조들호2 : 죄와벌,18,5.5,2019-2-18
동네변호사 조들호2 : 죄와벌,17,4.9,2019-2-18
동네변호사 조들호2 : 죄와벌,16,5.0,2019-2-12
동네변호사 조들호2 : 죄와벌,15,3.8,2019-2-12
동네변호사 조들호2 : 죄와벌,14,5.7,2019-2-11
동네변호사 조들호2 : 죄와벌,13,4.4,2019-2-11
동네변호사 조들호2 : 죄와벌,12,5.0,2019-1-22
동네변호사 조들호2 : 죄와벌,11,3.8,2019-1-22
동네변호사 조들호2 : 죄와벌,10,6.3,2019-1-21
동네변호사 조들호2 : 죄와벌,9,4.7,2019-1-21
동네변호사 조들호2 : 죄와벌,8,6.6,2019-1-15
동네변호사 조들호2 : 죄와벌,7,5.8,2019-1-15
동네변호사 조들호2 : 죄와벌,6,5.5,2019-1-14
동네변호사 조들호2 : 죄와벌,5,4.8,2019-1-14
동네변호사 조들호2 : 죄와벌,4,6.8,2019-1-8
동네변호사 조들호2 : 죄와벌,3,5.9,2019-1-8
동네변호사 조들호2 : 죄와벌,2,6.7,2019-1-7
동네변호사 조들호2 : 죄와벌,1,6.1,2019-1-7
왜그래 풍상씨,40,22.7,2019-3-14
왜그래 풍상씨,39,20.5,2019-3-14
왜그래 풍상씨,38,20.4,2019-3-13
왜그래 풍상씨,37,17.6,2019-3-13
왜그래 풍상씨,36,20.4,2019-3-7
왜그래 풍상씨,35,18.5,2019-3-7
왜그래 풍상씨,34,18.1,2019-3-6
왜그래 풍상씨,33,15.2,2019-3-6
왜그래 풍상씨,32,20.0,2019-2-28
왜그래 풍상씨,31,17.0,2019-2-28
왜그래 풍상씨,30,17.5,2019-2-27
왜그래 풍상씨,29,14.2,2019-2-27
왜그래 풍상씨,28,14.4,2019-2-21
왜그래 풍상씨,27,12.7,2019-2-21
왜그래 풍상씨,26,12.3,2019-2-20
왜그래 풍상씨,25,10.1,2019-2-20
왜그래 풍상씨,24,14.8,2019-2-14
왜그래 풍상씨,23,13.1,2019-2-14
왜그래 풍상씨,22,11.0,2019-2-13
왜그래 풍상씨,21,9.0,2019-2-13
왜그래 풍상씨,20,12.7,2019-2-7
왜그래 풍상씨,19,11.8,2019-2-7
왜그래 풍상씨,18,11.0,2019-2-6
왜그래 풍상씨,17,7.8,2019-2-6
왜그래 풍상씨,16,9.5,2019-1-31
왜그래 풍상씨,15,8.4,2019-1-31
왜그래 풍상씨,14,9.3,2019-1-30
왜그래 풍상씨,13,8.1,2019-1-30
왜그래 풍상씨,12,8.0,2019-1-24
왜그래 풍상씨,11,7.0,2019-1-24
왜그래 풍상씨,10,8.8,2019-1-23
왜그래 풍상씨,9,7.5,2019-1-23
왜그래 풍상씨,8,10.2,2019-1-17
왜그래 풍상씨,7,8.1,2019-1-17
왜그래 풍상씨,6,6.5,2019-1-16
왜그래 풍상씨,5,6.4,2019-1-16
왜그래 풍상씨,4,7.8,2019-1-10
왜그래 풍상씨,3,6.5,2019-1-10
왜그래 풍상씨,2,6.7,2019-1-9
왜그래 풍상씨,1,5.9,2019-1-9
죽어도 좋아,32,2.7,2018-12-27
죽어도 좋아,31,2.7,2018-12-27
죽어도 좋아,30,1.9,2018-12-26
죽어도 좋아,29,2.0,2018-12-26
죽어도 좋아,28,2.2,2018-12-20
죽어도 좋아,27,2.0,2018-12-20
죽어도 좋아,26,2.8,2018-12-19
죽어도 좋아,25,2.2,2018-12-19
죽어도 좋아,24,2.5,2018-12-13
죽어도 좋아,23,1.9,2018-12-13
죽어도 좋아,22,2.4,2018-12-12
죽어도 좋아,21,2.4,2018-12-12
죽어도 좋아,20,2.7,2018-12-6
죽어도 좋아,19,2.1,2018-12-6
죽어도 좋아,18,2.8,2018-12-5
죽어도 좋아,17,2.5,2018-12-5
죽어도 좋아,16,3.3,2018-11-29
죽어도 좋아,15,2.8,2018-11-29
죽어도 좋아,14,3.5,2018-11-28
죽어도 좋아,13,2.4,2018-11-28
죽어도 좋아,12,3.6,2018-11-22
죽어도 좋아,11,3.0,2018-11-22
죽어도 좋아,10,3.0,2018-11-21
죽어도 좋아,9,2.6,2018-11-21
죽어도 좋아,8,2.7,2018-11-15
죽어도 좋아,7,2.2,2018-11-15
죽어도 좋아,6,3.0,2018-11-14
죽어도 좋아,5,2.5,2018-11-14
죽어도 좋아,4,3.3,2018-11-8
죽어도 좋아,3,2.5,2018-11-8
죽어도 좋아,2,4.0,2018-11-7
죽어도 좋아,1,4.0,2018-11-7
땐뽀걸즈,16,2.5,2018-12-25
땐뽀걸즈,15,2.0,2018-12-25
땐뽀걸즈,14,2.0,2018-12-24
땐뽀걸즈,13,1.9,2018-12-24
땐뽀걸즈,12,2.1,2018-12-18
땐뽀걸즈,11,1.7,2018-12-18
땐뽀걸즈,10,2.2,2018-12-17
땐뽀걸즈,9,2.1,2018-12-17
땐뽀걸즈,8,2.3,2018-12-11
땐뽀걸즈,7,2.3,2018-12-11
땐뽀걸즈,6,2.0,2018-12-10
땐뽀걸즈,5,1.7,2018-12-10
땐뽀걸즈,4,2.9,2018-12-4
땐뽀걸즈,3,2.5,2018-12-4
땐뽀걸즈,2,3.5,2018-12-3
땐뽀걸즈,1,2.7,2018-12-3
최고의 이혼(MF),32,4.4,2018-11-27
최고의 이혼(MF),31,4.1,2018-11-27
최고의 이혼(MF),30,4.0,2018-11-27
최고의 이혼(MF),29,3.3,2018-11-27
최고의 이혼(MF),28,3.7,2018-11-26
최고의 이혼(MF),27,2.2,2018-11-26
최고의 이혼(MF),26,4.5,2018-11-20
최고의 이혼(MF),25,3.3,2018-11-20
최고의 이혼(MF),24,4.3,2018-11-19
최고의 이혼(MF),23,2.9,2018-11-19
최고의 이혼(MF),22,4.1,2018-11-13
최고의 이혼(MF),21,3.3,2018-11-13
최고의 이혼(MF),20,3.8,2018-11-6
최고의 이혼(MF),19,2.7,2018-11-6
최고의 이혼(MF),18,3.9,2018-11-5
최고의 이혼(MF),17,2.7,2018-11-5
최고의 이혼(MF),16,3.1,2018-10-30
최고의 이혼(MF),15,2.3,2018-10-30
최고의 이혼(MF),14,2.7,2018-10-29
최고의 이혼(MF),13,1.9,2018-10-29
최고의 이혼(MF),12,3.7,2018-10-23
최고의 이혼(MF),11,3.1,2018-10-23
최고의 이혼(MF),10,4.0,2018-10-22
최고의 이혼(MF),9,3.3,2018-10-22
최고의 이혼(MF),8,3.7,2018-10-16
최고의 이혼(MF),7,2.6,2018-10-16
최고의 이혼(MF),6,3.8,2018-10-15
최고의 이혼(MF),5,2.6,2018-10-15
최고의 이혼(MF),4,3.9,2018-10-9
최고의 이혼(MF),3,2.9,2018-10-9
최고의 이혼(MF),2,4.0,2018-10-8
최고의 이혼(MF),1,3.2,2018-10-8
오늘의 탐정,32,2.1,2018-10-31
오늘의 탐정,31,2.3,2018-10-31
오늘의 탐정,30,1.9,2018-10-25
오늘의 탐정,29,1.7,2018-10-25
오늘의 탐정,28,2.1,2018-10-24
오늘의 탐정,27,2.1,2018-10-24
오늘의 탐정,26,2.0,2018-10-18
오늘의 탐정,25,1.8,2018-10-18
오늘의 탐정,24,2.3,2018-10-17
오늘의 탐정,23,2.3,2018-10-17
오늘의 탐정,22,2.2,2018-10-11
오늘의 탐정,21,2.0,2018-10-11
오늘의 탐정,20,2.2,2018-10-10
오늘의 탐정,19,2.3,2018-10-10
오늘의 탐정,18,2.2,2018-10-4
오늘의 탐정,17,2.3,2018-10-4
오늘의 탐정,16,2.7,2018-10-3
오늘의 탐정,15,2.8,2018-10-3
오늘의 탐정,14,2.6,2018-9-27
오늘의 탐정,13,2.6,2018-9-27
오늘의 탐정,12,3.3,2018-9-20
오늘의 탐정,11,3.0,2018-9-20
오늘의 탐정,10,3.8,2018-9-19
오늘의 탐정,9,3.3,2018-9-19
오늘의 탐정,8,2.7,2018-9-13
오늘의 탐정,7,2.0,2018-9-13
오늘의 탐정,6,3.6,2018-9-12
오늘의 탐정,5,3.5,2018-9-12
오늘의 탐정,4,4.0,2018-9-6
오늘의 탐정,3,3.5,2018-9-6
오늘의 탐정,2,4.4,2018-9-5
오늘의 탐정,1,3.7,2018-9-5
러블리 호러블리,32,3.3,2018-10-2
러블리 호러블리,31,2.9,2018-10-2
러블리 호러블리,30,2.8,2018-10-1
러블리 호러블리,29,2.7,2018-10-1
러블리 호러블리,28,3.2,2018-9-25
러블리 호러블리,27,2.0,2018-9-25
러블리 호러블리,26,2.2,2018-9-24
러블리 호러블리,25,1.0,2018-9-24
러블리 호러블리,24,2.9,2018-9-18
러블리 호러블리,23,2.6,2018-9-18
러블리 호러블리,22,2.7,2018-9-17
러블리 호러블리,21,2.4,2018-9-17
러블리 호러블리,20,4.4,2018-9-11
러블리 호러블리,19,4.4,2018-9-11
러블리 호러블리,18,3.7,2018-9-10
러블리 호러블리,17,3.4,2018-9-10
러블리 호러블리,16,4.3,2018-9-4
러블리 호러블리,15,3.9,2018-9-4
러블리 호러블리,14,4.2,2018-9-3
러블리 호러블리,13,4.2,2018-9-3
러블리 호러블리,12,4.4,2018-8-28
러블리 호러블리,11,4.0,2018-8-28
러블리 호러블리,10,6.2,2018-8-27
러블리 호러블리,9,5.4,2018-8-27
러블리 호러블리,8,4.6,2018-8-21
러블리 호러블리,7,3.7,2018-8-21
러블리 호러블리,6,5.3,2018-8-20
러블리 호러블리,5,4.9,2018-8-20
러블리 호러블리,4,4.5,2018-8-14
러블리 호러블리,3,3.9,2018-8-14
러블리 호러블리,2,5.0,2018-8-13
러블리 호러블리,1,4.8,2018-8-13
당신의 하우스 헬퍼,32,3.0,2018-8-29
당신의 하우스 헬퍼,31,2.9,2018-8-29
당신의 하우스 헬퍼,30,3.2,2018-8-22
당신의 하우스 헬퍼,29,2.7,2018-8-22
당신의 하우스 헬퍼,28,2.7,2018-8-16
당신의 하우스 헬퍼,27,2.4,2018-8-16
당신의 하우스 헬퍼,26,3.3,2018-8-15
당신의 하우스 헬퍼,25,1.7,2018-8-15
당신의 하우스 헬퍼,24,3.2,2018-8-9
당신의 하우스 헬퍼,23,2.5,2018-8-9
당신의 하우스 헬퍼,22,3.4,2018-8-8
당신의 하우스 헬퍼,21,3.0,2018-8-8
당신의 하우스 헬퍼,20,3.1,2018-8-2
당신의 하우스 헬퍼,19,2.6,2018-8-2
당신의 하우스 헬퍼,18,3.2,2018-8-1
당신의 하우스 헬퍼,17,3.0,2018-8-1
당신의 하우스 헬퍼,16,4.0,2018-7-26
당신의 하우스 헬퍼,15,3.1,2018-7-26
당신의 하우스 헬퍼,14,2.7,2018-7-25
당신의 하우스 헬퍼,13,2.3,2018-7-25
당신의 하우스 헬퍼,12,4.5,2018-7-19
당신의 하우스 헬퍼,11,3.5,2018-7-19
당신의 하우스 헬퍼,10,4.0,2018-7-18
당신의 하우스 헬퍼,9,3.7,2018-7-18
당신의 하우스 헬퍼,8,3.9,2018-7-12
당신의 하우스 헬퍼,7,3.2,2018-7-12
당신의 하우스 헬퍼,6,4.3,2018-7-11
당신의 하우스 헬퍼,5,3.6,2018-7-11
당신의 하우스 헬퍼,4,4.0,2018-7-5
당신의 하우스 헬퍼,3,3.2,2018-7-5
당신의 하우스 헬퍼,2,4.1,2018-7-4
당신의 하우스 헬퍼,1,4.1,2018-7-4
너도 인간이니,36,7.8,2018-8-7
너도 인간이니,35,6.5,2018-8-7
너도 인간이니,34,5.3,2018-8-6
너도 인간이니,33,5.0,2018-8-6
너도 인간이니,32,6.0,2018-7-31
너도 인간이니,31,5.2,2018-7-31
너도 인간이니,30,5.9,2018-7-30
너도 인간이니,29,4.7,2018-7-30
너도 인간이니,28,6.0,2018-7-24
너도 인간이니,27,5.0,2018-7-24
너도 인간이니,26,5.6,2018-7-23
너도 인간이니,25,4.6,2018-7-23
너도 인간이니,24,5.4,2018-7-17
너도 인간이니,23,4.4,2018-7-17
너도 인간이니,22,5.1,2018-7-16
너도 인간이니,21,4.4,2018-7-16
너도 인간이니,20,5.5,2018-7-10
너도 인간이니,19,4.6,2018-7-10
너도 인간이니,18,5.2,2018-7-9
너도 인간이니,17,4.3,2018-7-9
너도 인간이니,16,4.2,2018-7-3
너도 인간이니,15,4.8,2018-7-3
너도 인간이니,14,5.9,2018-7-3
너도 인간이니,13,4.8,2018-7-3
너도 인간이니,12,5.3,2018-6-25
너도 인간이니,11,4.6,2018-6-25
너도 인간이니,10,5.0,2018-6-18
너도 인간이니,9,5.5,2018-6-18
너도 인간이니,8,9.9,2018-6-12
너도 인간이니,7,7.7,2018-6-12
너도 인간이니,6,6.3,2018-6-11
너도 인간이니,5,5.4,2018-6-11
너도 인간이니,4,5.3,2018-6-5
너도 인간이니,3,5.0,2018-6-5
너도 인간이니,2,5.9,2018-6-4
너도 인간이니,1,5.2,2018-6-4
슈츠,16,10.7,2018-6-14
슈츠,15,9.1,2018-6-13
슈츠,14,9.2,2018-6-7
슈츠,13,8.4,2018-6-6
슈츠,12,9.8,2018-5-31
슈츠,11,8.8,2018-5-30
슈츠,10,9.6,2018-5-24
슈츠,9,9.9,2018-5-23
슈츠,8,7.4,2018-5-17
슈츠,7,8.8,2018-5-16
슈츠,6,7.9,2018-5-10
슈츠,5,8.9,2018-5-9
슈츠,4,9.7,2018-5-3
슈츠,3,9.7,2018-5-2
슈츠,2,7.4,2018-4-26
슈츠,1,7.4,2018-4-25
우리가 만난 기적,18,13.1,2018-5-29
우리가 만난 기적,17,12.6,2018-5-28
우리가 만난 기적,16,11.5,2018-5-22
우리가 만난 기적,15,10.4,2018-5-21
우리가 만난 기적,14,10.9,2018-5-15
우리가 만난 기적,13,10.8,2018-5-14
우리가 만난 기적,12,11.5,2018-5-8
우리가 만난 기적,11,11.4,2018-5-7
우리가 만난 기적,10,11.9,2018-5-1
우리가 만난 기적,9,11.9,2018-4-30
우리가 만난 기적,8,10.5,2018-4-24
우리가 만난 기적,7,9.7,2018-4-23
우리가 만난 기적,6,10.5,2018-4-17
우리가 만난 기적,5,11.5,2018-4-16
우리가 만난 기적,4,10.9,2018-4-10
우리가 만난 기적,3,11.2,2018-4-9
우리가 만난 기적,2,9.2,2018-4-3
우리가 만난 기적,1,8.2,2018-4-2
추리의 여왕 시즌2,16,7.8,2018-4-19
추리의 여왕 시즌2,15,7.2,2018-4-18
추리의 여왕 시즌2,14,7.3,2018-4-12
추리의 여왕 시즌2,13,7.2,2018-4-11
추리의 여왕 시즌2,12,6.6,2018-4-5
추리의 여왕 시즌2,11,6.6,2018-4-4
추리의 여왕 시즌2,10,6.7,2018-3-29
추리의 여왕 시즌2,9,6.8,2018-3-28
추리의 여왕 시즌2,8,4.7,2018-3-22
추리의 여왕 시즌2,7,4.7,2018-3-21
추리의 여왕 시즌2,6,5.6,2018-3-15
추리의 여왕 시즌2,5,5.2,2018-3-14
추리의 여왕 시즌2,4,4.8,2018-3-8
추리의 여왕 시즌2,3,4.7,2018-3-7
추리의 여왕 시즌2,2,6.5,2018-3-1
추리의 여왕 시즌2,1,5.9,2018-2-28
라디오 로맨스,16,3.1,2018-3-20
라디오 로맨스,15,2.6,2018-3-19
라디오 로맨스,14,2.9,2018-3-13
라디오 로맨스,13,2.9,2018-3-12
라디오 로맨스,12,3.5,2018-3-6
라디오 로맨스,11,4.0,2018-3-5
라디오 로맨스,10,3.4,2018-2-27
라디오 로맨스,9,3.7,2018-2-26
라디오 로맨스,8,3.4,2018-2-20
라디오 로맨스,7,3.9,2018-2-20
라디오 로맨스,6,4.2,2018-2-13
라디오 로맨스,5,5.1,2018-2-13
라디오 로맨스,4,5.6,2018-2-6
라디오 로맨스,3,5.2,2018-2-5
라디오 로맨스,2,5.2,2018-1-30
라디오 로맨스,1,5.5,2018-1-29
흑기사,20,13.9,2018-2-8
흑기사,19,8.7,2018-2-7
흑기사,18,9.5,2018-2-1
흑기사,17,9.1,2018-1-31
흑기사,16,8.6,2018-1-25
흑기사,15,8.7,2018-1-24
흑기사,14,8.3,2018-1-18
흑기사,13,7.9,2018-1-17
흑기사,12,9.9,2018-1-11
흑기사,11,9.8,2018-1-10
흑기사,10,10.6,2018-1-4
흑기사,9,9.2,2018-1-3
흑기사,8,13.2,2017-12-28
흑기사,7,11.6,2017-12-27
흑기사,6,11.1,2017-12-21
흑기사,5,10.4,2017-12-20
흑기사,4,9.1,2017-12-14
흑기사,3,7.9,2017-12-13
흑기사,2,9.3,2017-12-7
흑기사,1,6.9,2017-12-6
저글러스,16,9.1,2018-1-23
저글러스,15,8.2,2018-1-22
저글러스,14,8.6,2018-1-16
저글러스,13,7.1,2018-1-15
저글러스,12,8.5,2018-1-9
저글러스,11,7.0,2018-1-8
저글러스,10,9.4,2018-1-2
저글러스,9,8.1,2018-1-1
저글러스,8,9.9,2017-12-26
저글러스,7,7.7,2017-12-25
저글러스,6,9.1,2017-12-19
저글러스,5,6.4,2017-12-18
저글러스,4,8.0,2017-12-12
저글러스,3,6.8,2017-12-11
저글러스,2,7.0,2017-12-5
저글러스,1,5.6,2017-12-4
안단테,16,1.8,2018-1-7
안단테,15,1.7,2017-12-31
안단테,14,2.1,2017-12-24
안단테,13,2.1,2017-12-17
안단테,12,1.9,2017-12-10
안단테,11,2.1,2017-12-3
안단테,10,1.4,2017-11-26
안단테,9,2.1,2017-11-19
안단테,8,1.9,2017-11-12
안단테,7,1.7,2017-11-5
안단테,6,1.7,2017-10-29
안단테,5,1.8,2017-10-22
안단테,4,2.4,2017-10-15
안단테,3,2.3,2017-10-8
안단테,2,2.0,2017-10-1
안단테,1,2.8,2017-9-24
매드독,16,9.7,2017-11-30
매드독,15,7.5,2017-11-29
매드독,14,8.3,2017-11-23
매드독,13,7.4,2017-11-22
매드독,12,6.4,2017-11-16
매드독,11,6.8,2017-11-15
매드독,10,6.8,2017-11-9
매드독,9,7.1,2017-11-8
매드독,8,5.6,2017-11-2
매드독,7,5.5,2017-11-1
매드독,6,5.7,2017-10-26
매드독,5,6.4,2017-10-25
매드독,4,5.5,2017-10-19
매드독,3,6.9,2017-10-18
매드독,2,4.8,2017-10-12
매드독,1,5.5,2017-10-11
마녀의 법정,16,14.3,2017-11-28
마녀의 법정,15,11.9,2017-11-27
마녀의 법정,14,12.6,2017-11-21
마녀의 법정,13,10.9,2017-11-20
마녀의 법정,12,11.9,2017-11-14
마녀의 법정,11,10.5,2017-11-13
마녀의 법정,10,11.4,2017-11-7
마녀의 법정,9,10.1,2017-11-6
마녀의 법정,8,9.3,2017-10-31
마녀의 법정,7,7.6,2017-10-30
마녀의 법정,6,11.0,2017-10-24
마녀의 법정,5,10.2,2017-10-23
마녀의 법정,4,12.3,2017-10-17
마녀의 법정,3,9.1,2017-10-16
마녀의 법정,2,9.5,2017-10-10
마녀의 법정,1,6.6,2017-10-9
고백부부,12,7.3,2017-11-18
고백부부,11,5.4,2017-11-17
고백부부,10,6.0,2017-11-11
고백부부,9,6.5,2017-11-10
고백부부,8,6.7,2017-11-4
고백부부,7,5.8,2017-11-3
고백부부,6,5.5,2017-10-28
고백부부,5,5.5,2017-10-27
고백부부,4,4.8,2017-10-21
고백부부,3,5.2,2017-10-20
고백부부,2,6.0,2017-10-14
고백부부,1,4.6,2017-10-13
란제리 소녀시대,8,3.7,2017-10-3
란제리 소녀시대,7,4.4,2017-10-2
란제리 소녀시대,6,4.7,2017-9-26
란제리 소녀시대,5,4.2,2017-9-25
란제리 소녀시대,4,4.1,2017-9-19
란제리 소녀시대,3,4.1,2017-9-18
란제리 소녀시대,2,4.8,2017-9-12
란제리 소녀시대,1,4.3,2017-9-11
맨홀:이상한 나라의 필,16,1.9,2017-9-28
맨홀:이상한 나라의 필,15,1.9,2017-9-27
맨홀:이상한 나라의 필,14,2.3,2017-9-21
맨홀:이상한 나라의 필,13,2.6,2017-9-20
맨홀:이상한 나라의 필,12,1.9,2017-9-14
맨홀:이상한 나라의 필,11,2.1,2017-9-13
맨홀:이상한 나라의 필,10,1.8,2017-9-7
맨홀:이상한 나라의 필,9,2.2,2017-9-6
맨홀:이상한 나라의 필,8,1.4,2017-8-31
맨홀:이상한 나라의 필,7,2.0,2017-8-30
맨홀:이상한 나라의 필,6,2.1,2017-8-24
맨홀:이상한 나라의 필,5,2.0,2017-8-23
맨홀:이상한 나라의 필,4,2.0,2017-8-17
맨홀:이상한 나라의 필,3,2.2,2017-8-16
맨홀:이상한 나라의 필,2,2.8,2017-8-10
맨홀:이상한 나라의 필,1,3.1,2017-8-9
최강 배달꾼,16,7.7,2017-9-23
최강 배달꾼,15,5.1,2017-9-22
최강 배달꾼,14,6.7,2017-9-16
최강 배달꾼,13,5.4,2017-9-15
최강 배달꾼,12,6.9,2017-9-9
최강 배달꾼,11,5.8,2017-9-8
최강 배달꾼,10,6.5,2017-9-2
최강 배달꾼,9,5.2,2017-9-1
최강 배달꾼,8,7.2,2017-8-26
최강 배달꾼,7,6.2,2017-8-25
최강 배달꾼,6,6.3,2017-8-19
최강 배달꾼,5,4.6,2017-8-18
최강 배달꾼,4,6.5,2017-8-12
최강 배달꾼,3,4.3,2017-8-11
최강 배달꾼,2,5.6,2017-8-5
최강 배달꾼,1,3.5,2017-8-4
학교 2017,16,4.6,2017-9-5
학교 2017,15,4.1,2017-9-4
학교 2017,14,4.4,2017-8-29
학교 2017,13,4.3,2017-8-28
학교 2017,12,4.1,2017-8-22
학교 2017,11,4.7,2017-8-21
학교 2017,10,4.4,2017-8-15
학교 2017,9,4.4,2017-8-14
학교 2017,8,4.7,2017-8-8
학교 2017,7,4.4,2017-8-7
학교 2017,6,4.6,2017-8-1
학교 2017,5,4.2,2017-7-31
학교 2017,4,4.1,2017-7-25
학교 2017,3,4.2,2017-7-24
학교 2017,2,4.2,2017-7-18
학교 2017,1,5.9,2017-7-17
7일의 왕비,20,7.6,2017-8-3
7일의 왕비,19,7.1,2017-8-2
7일의 왕비,18,7.7,2017-7-27
7일의 왕비,17,6.5,2017-7-26
7일의 왕비,16,6.3,2017-7-20
7일의 왕비,15,6.7,2017-7-19
7일의 왕비,14,4.7,2017-7-13
7일의 왕비,13,4.3,2017-7-12
7일의 왕비,12,4.6,2017-7-6
7일의 왕비,11,4.4,2017-7-5
7일의 왕비,10,4.4,2017-6-29
7일의 왕비,9,4.7,2017-6-28
7일의 왕비,8,5.4,2017-6-22
7일의 왕비,7,5.2,2017-6-21
7일의 왕비,6,6.1,2017-6-15
7일의 왕비,5,6.9,2017-6-14
7일의 왕비,4,6.5,2017-6-8
7일의 왕비,3,6.5,2017-6-7
7일의 왕비,2,5.7,2017-6-1
7일의 왕비,1,6.9,2017-5-31
최고의 한방,32,5.4,2017-7-22
최고의 한방,31,5.3,2017-7-22
최고의 한방,30,3.0,2017-7-21
최고의 한방,29,3.1,2017-7-21
최고의 한방,28,4.1,2017-7-15
최고의 한방,27,3.7,2017-7-15
최고의 한방,26,3.5,2017-7-14
최고의 한방,25,3.3,2017-7-14
최고의 한방,24,4.9,2017-7-8
최고의 한방,23,4.4,2017-7-8
최고의 한방,22,2.7,2017-7-7
최고의 한방,21,2.7,2017-7-7
최고의 한방,20,3.9,2017-7-1
최고의 한방,19,3.9,2017-7-1
최고의 한방,18,2.8,2017-6-30
최고의 한방,17,2.3,2017-6-30
최고의 한방,16,4.1,2017-6-24
최고의 한방,15,4.7,2017-6-24
최고의 한방,14,3.4,2017-6-23
최고의 한방,13,3.0,2017-6-23
최고의 한방,12,4.9,2017-6-17
최고의 한방,11,5.5,2017-6-17
최고의 한방,10,3.2,2017-6-16
최고의 한방,9,3.0,2017-6-16
최고의 한방,8,4.7,2017-6-10
최고의 한방,7,4.9,2017-6-10
최고의 한방,6,2.6,2017-6-9
최고의 한방,5,2.7,2017-6-9
최고의 한방,4,4.1,2017-6-3
최고의 한방,3,5.0,2017-6-3
최고의 한방,2,2.9,2017-6-2
최고의 한방,1,2.5,2017-6-2
"쌈, 마이웨이",16,13.8,2017-7-11
"쌈, 마이웨이",15,12.9,2017-7-10
"쌈, 마이웨이",14,13.0,2017-7-4
"쌈, 마이웨이",13,12.6,2017-7-3
"쌈, 마이웨이",12,11.9,2017-6-27
"쌈, 마이웨이",11,12.0,2017-6-26
"쌈, 마이웨이",10,11.2,2017-6-20
"쌈, 마이웨이",9,12.1,2017-6-19
"쌈, 마이웨이",8,9.8,2017-6-13
"쌈, 마이웨이",7,10.9,2017-6-12
"쌈, 마이웨이",6,11.4,2017-6-6
"쌈, 마이웨이",5,10.6,2017-6-5
"쌈, 마이웨이",4,10.0,2017-5-30
"쌈, 마이웨이",3,10.7,2017-5-29
"쌈, 마이웨이",2,6.0,2017-5-23
"쌈, 마이웨이",1,5.4,2017-5-22
추리의 여왕,16,8.3,2017-5-25
추리의 여왕,15,8.4,2017-5-24
추리의 여왕,14,8.2,2017-5-18
추리의 여왕,13,8.7,2017-5-17
추리의 여왕,12,9.2,2017-5-11
추리의 여왕,11,8.7,2017-5-10
추리의 여왕,10,9.0,2017-5-4
추리의 여왕,9,9.2,2017-5-3
추리의 여왕,8,10.5,2017-4-27
추리의 여왕,7,10.7,2017-4-26
추리의 여왕,6,10.9,2017-4-20
추리의 여왕,5,7.7,2017-4-19
추리의 여왕,4,11.6,2017-4-13
추리의 여왕,3,10.1,2017-4-12
추리의 여왕,2,9.5,2017-4-6
추리의 여왕,1,11.2,2017-4-5
완벽한 아내,20,6.1,2017-5-2
완벽한 아내,19,4.9,2017-5-1
완벽한 아내,18,4.9,2017-4-25
완벽한 아내,17,4.8,2017-4-24
완벽한 아내,16,5.7,2017-4-18
완벽한 아내,15,5.0,2017-4-17
완벽한 아내,14,5.4,2017-4-11
완벽한 아내,13,4.8,2017-4-10
완벽한 아내,12,5.6,2017-4-4
완벽한 아내,11,5.3,2017-4-3
완벽한 아내,10,6.1,2017-3-28
완벽한 아내,9,6.4,2017-3-27
완벽한 아내,8,4.4,2017-3-21
완벽한 아내,7,3.5,2017-3-20
완벽한 아내,6,4.7,2017-3-14
완벽한 아내,5,3.5,2017-3-13
완벽한 아내,4,4.9,2017-3-7
완벽한 아내,3,5.1,2017-3-6
완벽한 아내,2,4.9,2017-2-28
완벽한 아내,1,3.9,2017-2-27
김과장,20,17.2,2017-3-30
김과장,19,16.9,2017-3-29
김과장,18,17.0,2017-3-23
김과장,17,17.4,2017-3-22
김과장,16,17.1,2017-3-16
김과장,15,18.4,2017-3-15
김과장,14,17.1,2017-3-9
김과장,13,16.8,2017-3-8
김과장,12,18.4,2017-3-2
김과장,11,18.4,2017-3-1
김과장,10,17.2,2017-2-23
김과장,9,17.8,2017-2-22
김과장,8,17.6,2017-2-16
김과장,7,16.1,2017-2-15
김과장,6,16.7,2017-2-9
김과장,5,15.5,2017-2-8
김과장,4,13.8,2017-2-2
김과장,3,12.8,2017-2-1
김과장,2,7.2,2017-1-26
김과장,1,7.8,2017-1-25
화랑,20,7.9,2017-2-21
화랑,19,7.6,2017-2-20
화랑,18,7.7,2017-2-14
화랑,17,8.2,2017-2-13
화랑,16,7.9,2017-2-7
화랑,15,8.6,2017-2-6
화랑,14,9.1,2017-1-31
화랑,13,9.7,2017-1-30
화랑,12,10.5,2017-1-24
화랑,11,11.0,2017-1-23
화랑,10,8.3,2017-1-17
화랑,9,6.7,2017-1-16
화랑,8,7.6,2017-1-10
화랑,7,6.9,2017-1-9
화랑,6,8.0,2017-1-3
화랑,5,7.6,2017-1-2
화랑,4,7.5,2016-12-27
화랑,3,13.1,2016-12-26
화랑,2,7.2,2016-12-20
화랑,1,6.9,2016-12-19
오 마이 금비,16,5.6,2017-1-11
오 마이 금비,15,7.2,2017-1-5
오 마이 금비,14,6.1,2017-1-4
오 마이 금비,13,6.8,2016-12-28
오 마이 금비,12,7.0,2016-12-22
오 마이 금비,11,6.4,2016-12-21
오 마이 금비,10,6.3,2016-12-15
오 마이 금비,9,5.7,2016-12-14
오 마이 금비,8,6.0,2016-12-8
오 마이 금비,7,5.8,2016-12-7
오 마이 금비,6,5.5,2016-12-1
오 마이 금비,5,5.2,2016-11-30
오 마이 금비,4,5.2,2016-11-24
오 마이 금비,3,5.7,2016-11-23
오 마이 금비,2,6.5,2016-11-17
오 마이 금비,1,5.9,2016-11-16
우리집에 사는 남자,16,4.0,2016-12-13
우리집에 사는 남자,15,3.5,2016-12-12
우리집에 사는 남자,14,3.4,2016-12-6
우리집에 사는 남자,13,4.1,2016-12-5
우리집에 사는 남자,12,3.5,2016-11-29
우리집에 사는 남자,11,4.3,2016-11-28
우리집에 사는 남자,10,3.9,2016-11-22
우리집에 사는 남자,9,3.7,2016-11-21
우리집에 사는 남자,8,4.7,2016-11-15
우리집에 사는 남자,7,4.5,2016-11-14
우리집에 사는 남자,6,6.4,2016-11-8
우리집에 사는 남자,5,7.5,2016-11-7
우리집에 사는 남자,4,8.5,2016-11-1
우리집에 사는 남자,3,7.4,2016-10-31
우리집에 사는 남자,2,10.6,2016-10-25
우리집에 사는 남자,1,9.0,2016-10-24
공항 가는 길,16,9.3,2016-11-10
공항 가는 길,15,8.1,2016-11-9
공항 가는 길,14,9.1,2016-11-3
공항 가는 길,13,8.5,2016-11-2
공항 가는 길,12,9.3,2016-10-27
공항 가는 길,11,8.8,2016-10-26
공항 가는 길,10,8.1,2016-10-20
공항 가는 길,9,7.8,2016-10-19
공항 가는 길,8,7.4,2016-10-13
공항 가는 길,7,8.5,2016-10-12
공항 가는 길,6,9.1,2016-10-6
공항 가는 길,5,7.5,2016-10-5
공항 가는 길,4,8.3,2016-9-29
공항 가는 길,3,9.0,2016-9-28
공항 가는 길,2,7.5,2016-9-22
공항 가는 길,1,7.4,2016-9-21
구르미 그린 달빛,18,22.9,2016-10-18
구르미 그린 달빛,17,23.3,2016-10-17
구르미 그린 달빛,16,18.8,2016-10-11
구르미 그린 달빛,15,17.9,2016-10-10
구르미 그린 달빛,14,18.7,2016-10-4
구르미 그린 달빛,13,18.5,2016-10-3
구르미 그린 달빛,12,20.1,2016-9-27
구르미 그린 달빛,11,20.7,2016-9-26
구르미 그린 달빛,10,19.6,2016-9-20
구르미 그린 달빛,9,21.3,2016-9-19
구르미 그린 달빛,8,19.7,2016-9-13
구르미 그린 달빛,7,20.4,2016-9-12
구르미 그린 달빛,6,18.8,2016-9-6
구르미 그린 달빛,5,19.3,2016-9-5
구르미 그린 달빛,4,16.4,2016-8-30
구르미 그린 달빛,3,16.0,2016-8-29
구르미 그린 달빛,2,8.5,2016-8-23
구르미 그린 달빛,1,8.3,2016-8-22
함부로 애틋하게,20,8.4,2016-9-8
함부로 애틋하게,19,8.0,2016-9-7
함부로 애틋하게,18,7.9,2016-9-1
함부로 애틋하게,17,8.0,2016-8-31
함부로 애틋하게,16,7.7,2016-8-25
함부로 애틋하게,15,8.0,2016-8-24
함부로 애틋하게,14,8.7,2016-8-18
함부로 애틋하게,13,8.0,2016-8-17
함부로 애틋하게,12,9.9,2016-8-11
함부로 애틋하게,11,7.9,2016-8-10
함부로 애틋하게,10,8.1,2016-8-4
함부로 애틋하게,9,8.2,2016-8-3
함부로 애틋하게,8,8.9,2016-7-28
함부로 애틋하게,7,8.6,2016-7-27
함부로 애틋하게,6,11.1,2016-7-21
함부로 애틋하게,5,12.9,2016-7-20
함부로 애틋하게,4,11.0,2016-7-14
함부로 애틋하게,3,11.9,2016-7-13
함부로 애틋하게,2,12.5,2016-7-7
함부로 애틋하게,1,12.5,2016-7-6
뷰티풀 마인드,14,3.2,2016-8-2
뷰티풀 마인드,13,2.8,2016-8-1
뷰티풀 마인드,12,3.9,2016-7-26
뷰티풀 마인드,11,3.4,2016-7-25
뷰티풀 마인드,10,3.9,2016-7-19
뷰티풀 마인드,9,4.4,2016-7-18
뷰티풀 마인드,8,4.3,2016-7-12
뷰티풀 마인드,7,3.5,2016-7-11
뷰티풀 마인드,6,4.0,2016-7-5
뷰티풀 마인드,5,3.5,2016-7-4
뷰티풀 마인드,4,4.5,2016-6-28
뷰티풀 마인드,3,4.7,2016-6-27
뷰티풀 마인드,2,4.5,2016-6-21
뷰티풀 마인드,1,4.1,2016-6-20
동네변호사 조들호,20,17.3,2016-5-31
동네변호사 조들호,19,14.2,2016-5-30
동네변호사 조들호,18,15.5,2016-5-24
동네변호사 조들호,17,14.0,2016-5-23
동네변호사 조들호,16,15.3,2016-5-17
동네변호사 조들호,15,14.1,2016-5-16
동네변호사 조들호,14,14.1,2016-5-10
동네변호사 조들호,13,11.8,2016-5-9
동네변호사 조들호,12,11.8,2016-5-3
동네변호사 조들호,11,11.0,2016-5-2
동네변호사 조들호,10,12.6,2016-4-26
동네변호사 조들호,9,12.7,2016-4-25
동네변호사 조들호,8,12.1,2016-4-19
동네변호사 조들호,7,12.6,2016-4-18
동네변호사 조들호,6,12.4,2016-4-12
동네변호사 조들호,5,12.3,2016-4-11
동네변호사 조들호,4,11.3,2016-4-5
동네변호사 조들호,3,10.9,2016-4-4
동네변호사 조들호,2,11.4,2016-3-29
동네변호사 조들호,1,10.1,2016-3-28
마스터 - 국수의 신,20,8.2,2016-6-30
마스터 - 국수의 신,19,7.5,2016-6-29
마스터 - 국수의 신,18,7.2,2016-6-23
마스터 - 국수의 신,17,7.4,2016-6-22
마스터 - 국수의 신,16,9.0,2016-6-16
마스터 - 국수의 신,15,6.9,2016-6-15
마스터 - 국수의 신,14,6.9,2016-6-9
마스터 - 국수의 신,13,7.9,2016-6-8
마스터 - 국수의 신,12,8.6,2016-6-2
마스터 - 국수의 신,11,7.2,2016-6-1
마스터 - 국수의 신,10,8.0,2016-5-26
마스터 - 국수의 신,9,6.8,2016-5-25
마스터 - 국수의 신,8,6.6,2016-5-19
마스터 - 국수의 신,7,7.0,2016-5-18
마스터 - 국수의 신,6,7.3,2016-5-12
마스터 - 국수의 신,5,6.6,2016-5-11
마스터 - 국수의 신,4,6.0,2016-5-5
마스터 - 국수의 신,3,7.3,2016-5-4
마스터 - 국수의 신,2,6.5,2016-4-28
마스터 - 국수의 신,1,7.6,2016-4-27
태양의 후예,16,38.8,2016-4-14
태양의 후예,15,34.8,2016-4-13
태양의 후예,14,33.0,2016-4-7
태양의 후예,13,33.5,2016-4-6
태양의 후예,12,33.0,2016-3-31
태양의 후예,11,31.9,2016-3-30
태양의 후예,10,31.6,2016-3-24
태양의 후예,9,30.4,2016-3-23
태양의 후예,8,28.8,2016-3-17
태양의 후예,7,28.3,2016-3-16
태양의 후예,6,28.5,2016-3-10
태양의 후예,5,27.4,2016-3-9
태양의 후예,4,24.1,2016-3-3
태양의 후예,3,23.4,2016-3-2
태양의 후예,2,15.5,2016-2-25
태양의 후예,1,14.3,2016-2-24
장영실,24,10.2,2016-3-26
장영실,23,11.9,2016-3-20
장영실,22,10.4,2016-3-19
장영실,21,12.0,2016-3-13
장영실,20,10.4,2016-3-12
장영실,19,11.8,2016-3-6
장영실,18,11.5,2016-3-5
장영실,17,11.7,2016-2-28
장영실,16,10.8,2016-2-27
장영실,15,11.7,2016-2-21
장영실,14,11.0,2016-2-20
장영실,13,10.3,2016-2-14
장영실,12,10.9,2016-2-13
장영실,11,11.9,2016-2-6
장영실,10,13.4,2016-1-31
장영실,9,12.2,2016-1-30
장영실,8,14.1,2016-1-24
장영실,7,14.1,2016-1-23
장영실,6,12.2,2016-1-17
장영실,5,10.1,2016-1-16
장영실,4,11.3,2016-1-10
장영실,3,10.2,2016-1-9
장영실,2,11.5,2016-1-3
장영실,1,11.6,2016-1-2
무림학교,16,3.7,2016-3-8
무림학교,15,2.8,2016-3-7
무림학교,14,2.8,2016-3-1
무림학교,13,3.2,2016-2-29
무림학교,12,3.2,2016-2-23
무림학교,11,2.6,2016-2-22
무림학교,10,3.4,2016-2-16
무림학교,9,3.4,2016-2-15
무림학교,8,3.3,2016-2-2
무림학교,7,3.5,2016-2-1
무림학교,6,3.8,2016-1-26
무림학교,5,3.5,2016-1-25
무림학교,4,4.4,2016-1-19
무림학교,3,3.7,2016-1-18
무림학교,2,4.0,2016-1-12
무림학교,1,5.1,2016-1-11
오 마이 비너스,16,8.7,2016-1-5
오 마이 비너스,15,8.4,2016-1-4
오 마이 비너스,14,9.9,2015-12-29
오 마이 비너스,13,8.7,2015-12-28
오 마이 비너스,12,8.6,2015-12-22
오 마이 비너스,11,8.4,2015-12-21
오 마이 비너스,10,8.9,2015-12-15
오 마이 비너스,9,8.7,2015-12-14
오 마이 비너스,8,9.4,2015-12-8
오 마이 비너스,7,8.2,2015-12-7
오 마이 비너스,6,9.7,2015-12-1
오 마이 비너스,5,8.8,2015-11-30
오 마이 비너스,4,9.4,2015-11-24
오 마이 비너스,3,8.4,2015-11-23
오 마이 비너스,2,8.2,2015-11-17
오 마이 비너스,1,7.4,2015-11-16
발칙하게 고고,12,4.2,2015-11-10
발칙하게 고고,11,3.4,2015-11-9
발칙하게 고고,10,3.5,2015-11-3
발칙하게 고고,9,3.0,2015-11-2
발칙하게 고고,8,3.6,2015-10-27
발칙하게 고고,7,4.3,2015-10-26
발칙하게 고고,6,3.5,2015-10-20
발칙하게 고고,5,2.9,2015-10-19
발칙하게 고고,4,3.8,2015-10-13
발칙하게 고고,3,3.3,2015-10-12
발칙하게 고고,2,3.2,2015-10-6
발칙하게 고고,1,2.2,2015-10-5
별난 며느리,12,5.2,2015-9-22
별난 며느리,11,3.7,2015-9-21
별난 며느리,10,3.9,2015-9-15
별난 며느리,9,4.3,2015-9-14
별난 며느리,8,5.7,2015-9-8
별난 며느리,7,5.3,2015-9-7
별난 며느리,6,5.7,2015-9-1
별난 며느리,5,4.1,2015-8-31
별난 며느리,4,4.9,2015-8-25
별난 며느리,3,5.7,2015-8-24
별난 며느리,2,5.9,2015-8-18
별난 며느리,1,6.0,2015-8-17
어셈블리,20,4.9,2015-9-17
어셈블리,19,5.4,2015-9-16
어셈블리,18,6.0,2015-9-10
어셈블리,17,5.7,2015-9-9
어셈블리,16,6.0,2015-9-3
어셈블리,15,5.4,2015-9-2
어셈블리,14,5.6,2015-8-27
어셈블리,13,4.9,2015-8-26
어셈블리,12,5.7,2015-8-20
어셈블리,11,6.0,2015-8-19
어셈블리,10,4.7,2015-8-13
어셈블리,9,5.9,2015-8-12
어셈블리,8,4.9,2015-8-6
어셈블리,7,5.3,2015-8-5
어셈블리,6,4.8,2015-7-30
어셈블리,5,5.0,2015-7-29
어셈블리,4,4.9,2015-7-23
어셈블리,3,5.2,2015-7-22
어셈블리,2,4.7,2015-7-16
어셈블리,1,5.2,2015-7-15
너를 기억해,16,5.1,2015-8-11
너를 기억해,15,4.5,2015-8-10
너를 기억해,14,5.3,2015-8-4
너를 기억해,13,4.5,2015-8-3
너를 기억해,12,5.0,2015-7-28
너를 기억해,11,4.8,2015-7-27
너를 기억해,10,5.0,2015-7-21
너를 기억해,9,4.9,2015-7-20
너를 기억해,8,4.6,2015-7-14
너를 기억해,7,4.7,2015-7-13
너를 기억해,6,4.8,2015-7-7
너를 기억해,5,4.6,2015-7-6
너를 기억해,4,4.0,2015-6-30
너를 기억해,3,4.7,2015-6-29
너를 기억해,2,4.7,2015-6-23
너를 기억해,1,4.7,2015-6-22
오렌지 마말레이드,12,2.4,2015-7-24
오렌지 마말레이드,11,2.6,2015-7-17
오렌지 마말레이드,10,3.1,2015-7-10
오렌지 마말레이드,9,2.8,2015-7-3
오렌지 마말레이드,8,2.5,2015-6-26
오렌지 마말레이드,7,3.4,2015-6-19
오렌지 마말레이드,6,4.9,2015-6-12
오렌지 마말레이드,5,3.9,2015-6-5
오렌지 마말레이드,4,3.3,2015-5-29
오렌지 마말레이드,3,4.1,2015-5-22
오렌지 마말레이드,2,3.3,2015-5-15
오렌지 마말레이드,1,4.2,2015-5-15
복면검사,16,6.9,2015-7-9
복면검사,15,5.9,2015-7-8
복면검사,14,5.3,2015-7-2
복면검사,13,5.6,2015-7-1
복면검사,12,5.9,2015-6-25
복면검사,11,6.0,2015-6-24
복면검사,10,4.8,2015-6-18
복면검사,9,5.7,2015-6-17
복면검사,8,5.4,2015-6-11
복면검사,7,5.6,2015-6-10
복면검사,6,5.3,2015-6-4
복면검사,5,5.9,2015-6-3
복면검사,4,6.1,2015-5-28
복면검사,3,5.3,2015-5-27
복면검사,2,5.4,2015-5-21
복면검사,1,6.8,2015-5-20
프로듀사,12,17.7,2015-6-20
프로듀사,11,13.4,2015-6-19
프로듀사,10,14.6,2015-6-13
프로듀사,9,12.6,2015-6-12
프로듀사,8,13.4,2015-6-6
프로듀사,7,11.7,2015-6-5
프로듀사,6,13.5,2015-5-30
프로듀사,5,11.2,2015-5-29
프로듀사,4,11.0,2015-5-23
프로듀사,3,10.2,2015-5-22
프로듀사,2,10.3,2015-5-16
프로듀사,1,10.1,2015-5-15
후아유 - 학교 2015,16,8.2,2015-6-16
후아유 - 학교 2015,15,7.5,2015-6-15
후아유 - 학교 2015,14,8.1,2015-6-9
후아유 - 학교 2015,13,7.7,2015-6-8
후아유 - 학교 2015,12,7.0,2015-6-2
후아유 - 학교 2015,11,6.9,2015-6-1
후아유 - 학교 2015,10,7.1,2015-5-26
후아유 - 학교 2015,9,6.8,2015-5-25
후아유 - 학교 2015,8,6.7,2015-5-19
후아유 - 학교 2015,7,6.0,2015-5-18
후아유 - 학교 2015,6,6.0,2015-5-12
후아유 - 학교 2015,5,5.0,2015-5-11
후아유 - 학교 2015,4,5.9,2015-5-5
후아유 - 학교 2015,3,4.1,2015-5-4
후아유 - 학교 2015,2,4.2,2015-4-28
후아유 - 학교 2015,1,3.8,2015-4-27
착하지 않은 여자들,24,12.0,2015-5-14
착하지 않은 여자들,23,12.2,2015-5-13
착하지 않은 여자들,22,11.5,2015-5-7
착하지 않은 여자들,21,12.6,2015-5-6
착하지 않은 여자들,20,11.2,2015-4-30
착하지 않은 여자들,19,11.4,2015-4-29
착하지 않은 여자들,18,12.4,2015-4-23
착하지 않은 여자들,17,12.1,2015-4-22
착하지 않은 여자들,16,12.2,2015-4-16
착하지 않은 여자들,15,12.1,2015-4-15
착하지 않은 여자들,14,12.7,2015-4-9
착하지 않은 여자들,13,13.6,2015-4-8
착하지 않은 여자들,12,13.7,2015-4-2
착하지 않은 여자들,11,11.9,2015-4-1
착하지 않은 여자들,10,12.9,2015-3-26
착하지 않은 여자들,9,12.8,2015-3-25
착하지 않은 여자들,8,13.7,2015-3-19
착하지 않은 여자들,7,12.1,2015-3-18
착하지 않은 여자들,6,12.2,2015-3-12
착하지 않은 여자들,5,12.0,2015-3-11
착하지 않은 여자들,4,11.5,2015-3-5
착하지 않은 여자들,3,11.8,2015-3-4
착하지 않은 여자들,2,9.8,2015-2-26
착하지 않은 여자들,1,9.1,2015-2-25
블러드,20,5.0,2015-4-21
블러드,19,4.7,2015-4-20
블러드,18,4.4,2015-4-14
블러드,17,3.8,2015-4-13
블러드,16,5.0,2015-4-7
블러드,15,4.4,2015-4-6
블러드,14,5.3,2015-3-31
블러드,13,4.2,2015-3-30
블러드,12,4.5,2015-3-24
블러드,11,3.8,2015-3-23
블러드,10,5.6,2015-3-17
블러드,9,4.3,2015-3-16
블러드,8,4.5,2015-3-10
블러드,7,4.4,2015-3-9
블러드,6,5.4,2015-3-3
블러드,5,4.1,2015-3-2
블러드,4,5.5,2015-2-24
블러드,3,6.0,2015-2-23
블러드,2,4.7,2015-2-17
블러드,1,5.2,2015-2-16
스파이,16,4.1,2015-3-6
스파이,15,4.6,2015-3-6
스파이,14,3.8,2015-2-27
스파이,13,4.3,2015-2-27
스파이,12,3.9,2015-2-13
스파이,11,4.1,2015-2-13
스파이,10,3.9,2015-2-6
스파이,9,4.0,2015-2-6
스파이,8,3.8,2015-1-30
스파이,7,4.2,2015-1-30
스파이,6,5.3,2015-1-23
스파이,5,4.9,2015-1-23
스파이,4,5.9,2015-1-16
스파이,3,6.4,2015-1-16
스파이,2,7.9,2015-1-9
스파이,1,8.5,2015-1-9
힐러,20,9.0,2015-2-10
힐러,19,7.9,2015-2-9
힐러,18,9.1,2015-2-3
힐러,17,8.5,2015-2-2
힐러,16,8.9,2015-1-27
힐러,15,8.7,2015-1-26
힐러,14,9.7,2015-1-20
힐러,13,10.3,2015-1-19
힐러,12,9.1,2015-1-13
힐러,11,9.4,2015-1-12
힐러,10,9.2,2015-1-6
힐러,9,8.2,2015-1-5
힐러,8,8.6,2014-12-30
힐러,7,7.8,2014-12-29
힐러,6,7.7,2014-12-23
힐러,5,8.8,2014-12-22
힐러,4,7.4,2014-12-16
힐러,3,7.2,2014-12-15
힐러,2,7.9,2014-12-9
힐러,1,7.8,2014-12-8
왕의 얼굴,23,9.1,2015-2-5
왕의 얼굴,22,8.1,2015-2-4
왕의 얼굴,21,8.5,2015-1-29
왕의 얼굴,20,7.6,2015-1-28
왕의 얼굴,19,7.8,2015-1-22
왕의 얼굴,18,8.2,2015-1-21
왕의 얼굴,17,6.5,2015-1-15
왕의 얼굴,16,7.0,2015-1-14
왕의 얼굴,15,6.9,2015-1-8
왕의 얼굴,14,7.3,2015-1-7
왕의 얼굴,13,7.8,2015-1-1
왕의 얼굴,12,7.3,2014-12-25
왕의 얼굴,11,6.5,2014-12-24
왕의 얼굴,10,6.9,2014-12-18
왕의 얼굴,9,7.1,2014-12-17
왕의 얼굴,8,7.7,2014-12-11
왕의 얼굴,7,6.2,2014-12-10
왕의 얼굴,6,6.9,2014-12-4
왕의 얼굴,5,7.2,2014-12-3
왕의 얼굴,4,6.2,2014-11-27
왕의 얼굴,3,6.2,2014-11-26
왕의 얼굴,2,6.1,2014-11-20
왕의 얼굴,1,7.1,2014-11-19
하이 스쿨 : 러브온,20,3.0,2014-12-19
하이 스쿨 : 러브온,19,2.3,2014-12-12
하이 스쿨 : 러브온,18,2.5,2014-12-5
하이 스쿨 : 러브온,17,3.0,2014-11-28
하이 스쿨 : 러브온,16,3.0,2014-11-14
하이 스쿨 : 러브온,15,3.5,2014-11-7
하이 스쿨 : 러브온,14,3.2,2014-10-31
하이 스쿨 : 러브온,13,3.6,2014-10-24
하이 스쿨 : 러브온,12,2.9,2014-10-17
하이 스쿨 : 러브온,11,3.7,2014-10-10
하이 스쿨 : 러브온,10,2.9,2014-10-3
하이 스쿨 : 러브온,9,3.6,2014-9-26
하이 스쿨 : 러브온,8,3.3,2014-9-12
하이 스쿨 : 러브온,7,3.0,2014-8-29
하이 스쿨 : 러브온,6,2.5,2014-8-22
하이 스쿨 : 러브온,5,3.4,2014-8-15
하이 스쿨 : 러브온,4,3.1,2014-8-8
하이 스쿨 : 러브온,3,3.1,2014-8-1
하이 스쿨 : 러브온,2,3.2,2014-7-18
하이 스쿨 : 러브온,1,3.6,2014-7-11
내일도 칸타빌레,16,4.9,2014-12-2
내일도 칸타빌레,15,4.8,2014-12-1
내일도 칸타빌레,14,5.8,2014-11-25
내일도 칸타빌레,13,4.9,2014-11-24
내일도 칸타빌레,12,6.0,2014-11-18
내일도 칸타빌레,11,5.0,2014-11-17
내일도 칸타빌레,10,5.6,2014-11-11
내일도 칸타빌레,9,5.8,2014-11-10
내일도 칸타빌레,8,5.7,2014-11-4
내일도 칸타빌레,7,5.2,2014-11-3
내일도 칸타빌레,6,6.6,2014-10-28
내일도 칸타빌레,5,6.7,2014-10-27
내일도 칸타빌레,4,6.1,2014-10-21
내일도 칸타빌레,3,5.8,2014-10-20
내일도 칸타빌레,2,7.4,2014-10-14
내일도 칸타빌레,1,8.5,2014-10-13
아이언 맨,18,3.4,2014-11-13
아이언 맨,17,3.2,2014-11-12
아이언 맨,16,4.0,2014-11-6
아이언 맨,15,4.3,2014-10-30
아이언 맨,14,5.2,2014-10-29
아이언 맨,13,4.1,2014-10-23
아이언 맨,12,5.1,2014-10-22
아이언 맨,11,4.3,2014-10-16
아이언 맨,10,4.1,2014-10-15
아이언 맨,9,4.7,2014-10-9
아이언 맨,8,4.3,2014-10-8
아이언 맨,7,5.0,2014-10-1
아이언 맨,6,6.9,2014-9-25
아이언 맨,5,5.5,2014-9-24
아이언 맨,4,5.0,2014-9-18
아이언 맨,3,5.6,2014-9-17
아이언 맨,2,5.7,2014-9-11
아이언 맨,1,6.6,2014-9-10
연애의 발견,16,7.6,2014-10-7
연애의 발견,15,7.5,2014-10-6
연애의 발견,14,7.7,2014-9-30
연애의 발견,13,7.6,2014-9-29
연애의 발견,12,7.6,2014-9-23
연애의 발견,11,6.8,2014-9-22
연애의 발견,10,7.2,2014-9-16
연애의 발견,9,6.9,2014-9-15
연애의 발견,8,7.7,2014-9-9
연애의 발견,7,7.3,2014-9-8
연애의 발견,6,6.6,2014-9-2
연애의 발견,5,7.6,2014-9-1
연애의 발견,4,6.2,2014-8-26
연애의 발견,3,5.6,2014-8-25
연애의 발견,2,6.3,2014-8-19
연애의 발견,1,6.3,2014-8-18
조선 총잡이,22,12.8,2014-9-4
조선 총잡이,21,11.8,2014-9-3
조선 총잡이,20,11.5,2014-8-28
조선 총잡이,19,10.8,2014-8-27
조선 총잡이,18,11.7,2014-8-21
조선 총잡이,17,11.1,2014-8-20
조선 총잡이,16,11.0,2014-8-14
조선 총잡이,15,11.1,2014-8-13
조선 총잡이,14,12.2,2014-8-7
조선 총잡이,13,10.5,2014-8-6
조선 총잡이,12,11.7,2014-7-31
조선 총잡이,11,11.2,2014-7-30
조선 총잡이,10,11.9,2014-7-24
조선 총잡이,9,11.6,2014-7-23
조선 총잡이,8,10.6,2014-7-17
조선 총잡이,7,10.2,2014-7-16
조선 총잡이,6,10.5,2014-7-10
조선 총잡이,5,9.9,2014-7-9
조선 총잡이,4,8.7,2014-7-3
조선 총잡이,3,8.0,2014-7-2
조선 총잡이,2,8.0,2014-6-26
조선 총잡이,1,8.4,2014-6-25
트로트의 연인,16,8.9,2014-8-12
트로트의 연인,15,7.3,2014-8-11
트로트의 연인,14,9.2,2014-8-5
트로트의 연인,13,9.1,2014-8-4
트로트의 연인,12,8.2,2014-7-29
트로트의 연인,11,7.5,2014-7-28
트로트의 연인,10,7.6,2014-7-22
트로트의 연인,9,8.4,2014-7-21
트로트의 연인,8,8.5,2014-7-15
트로트의 연인,7,8.3,2014-7-14
트로트의 연인,6,7.2,2014-7-8
트로트의 연인,5,6.5,2014-7-7
트로트의 연인,4,6.1,2014-7-1
트로트의 연인,3,6.1,2014-6-30
트로트의 연인,2,5.4,2014-6-24
트로트의 연인,1,5.8,2014-6-23
골든 크로스,20,10.1,2014-6-19
골든 크로스,19,9.2,2014-6-18
골든 크로스,18,9.1,2014-6-12
골든 크로스,17,10.7,2014-6-11
골든 크로스,16,10.1,2014-6-5
골든 크로스,15,11.3,2014-6-4
골든 크로스,14,9.2,2014-5-29
골든 크로스,13,9.2,2014-5-28
골든 크로스,12,7.6,2014-5-22
골든 크로스,11,7.6,2014-5-21
골든 크로스,10,8.0,2014-5-15
골든 크로스,9,8.0,2014-5-14
골든 크로스,8,8.0,2014-5-8
골든 크로스,7,7.2,2014-5-7
골든 크로스,6,6.1,2014-5-1
골든 크로스,5,6.6,2014-4-30
골든 크로스,4,5.1,2014-4-24
골든 크로스,3,5.3,2014-4-23
골든 크로스,2,5.0,2014-4-10
골든 크로스,1,5.7,2014-4-9
빅맨,16,12.6,2014-6-17
빅맨,15,10.8,2014-6-16
빅맨,14,10.3,2014-6-10
빅맨,13,10.7,2014-6-9
빅맨,12,11.4,2014-6-3
빅맨,11,10.0,2014-6-2
빅맨,10,11.2,2014-5-27
빅맨,9,10.3,2014-5-26
빅맨,8,9.0,2014-5-20
빅맨,7,8.1,2014-5-19
빅맨,6,8.0,2014-5-13
빅맨,5,9.7,2014-5-12
빅맨,4,8.2,2014-5-6
빅맨,3,8.0,2014-5-5
빅맨,2,4.8,2014-4-29
빅맨,1,6.0,2014-4-28
태양은 가득히,16,2.7,2014-4-8
태양은 가득히,15,2.6,2014-4-7
태양은 가득히,14,2.2,2014-4-1
태양은 가득히,13,2.3,2014-3-31
태양은 가득히,12,2.5,2014-3-25
태양은 가득히,11,3.0,2014-3-24
태양은 가득히,10,3.5,2014-3-18
태양은 가득히,9,3.0,2014-3-17
태양은 가득히,8,3.0,2014-3-11
태양은 가득히,7,2.6,2014-3-10
태양은 가득히,6,3.6,2014-3-4
태양은 가득히,5,3.3,2014-3-3
태양은 가득히,4,5.2,2014-2-25
태양은 가득히,3,3.8,2014-2-24
태양은 가득히,2,5.1,2014-2-17
태양은 가득히,1,3.7,2014-2-17
감격시대 : 투신의 탄생,24,12.3,2014-4-3
감격시대 : 투신의 탄생,23,11.1,2014-4-2
감격시대 : 투신의 탄생,22,12.3,2014-3-27
감격시대 : 투신의 탄생,21,11.6,2014-3-26
감격시대 : 투신의 탄생,20,12.1,2014-3-20
감격시대 : 투신의 탄생,19,11.0,2014-3-19
감격시대 : 투신의 탄생,18,12.6,2014-3-13
감격시대 : 투신의 탄생,17,12.2,2014-3-12
감격시대 : 투신의 탄생,16,12.5,2014-3-6
감격시대 : 투신의 탄생,15,12.0,2014-3-5
감격시대 : 투신의 탄생,14,9.7,2014-2-27
감격시대 : 투신의 탄생,13,9.3,2014-2-26
감격시대 : 투신의 탄생,12,9.8,2014-2-20
감격시대 : 투신의 탄생,11,10.3,2014-2-19
감격시대 : 투신의 탄생,10,11.4,2014-2-13
감격시대 : 투신의 탄생,9,10.0,2014-2-12
감격시대 : 투신의 탄생,8,8.9,2014-2-6
감격시대 : 투신의 탄생,7,8.4,2014-2-5
감격시대 : 투신의 탄생,6,8.3,2014-1-30
감격시대 : 투신의 탄생,5,7.0,2014-1-29
감격시대 : 투신의 탄생,4,7.9,2014-1-23
감격시대 : 투신의 탄생,3,9.6,2014-1-22
감격시대 : 투신의 탄생,2,7.7,2014-1-16
감격시대 : 투신의 탄생,1,7.8,2014-1-15
총리와 나,17,6.1,2014-2-4
총리와 나,16,4.9,2014-2-3
총리와 나,15,6.1,2014-1-28
총리와 나,14,5.5,2014-1-27
총리와 나,13,6.0,2014-1-21
총리와 나,12,6.1,2014-1-20
총리와 나,11,6.5,2014-1-14
총리와 나,10,6.9,2014-1-13
총리와 나,9,7.3,2014-1-7
총리와 나,8,7.3,2014-1-6
총리와 나,7,8.9,2013-12-30
총리와 나,6,5.7,2013-12-24
총리와 나,5,5.9,2013-12-23
총리와 나,4,6.5,2013-12-17
총리와 나,3,7.3,2013-12-16
총리와 나,2,5.4,2013-12-10
총리와 나,1,5.9,2013-12-9
예쁜 남자,16,3.8,2014-1-9
예쁜 남자,15,4.0,2014-1-8
예쁜 남자,14,3.9,2014-1-2
예쁜 남자,13,4.4,2014-1-1
예쁜 남자,12,4.3,2013-12-26
예쁜 남자,11,4.8,2013-12-25
예쁜 남자,10,3.5,2013-12-19
예쁜 남자,9,3.5,2013-12-18
예쁜 남자,8,3.1,2013-12-12
예쁜 남자,7,2.9,2013-12-11
예쁜 남자,6,3.8,2013-12-5
예쁜 남자,5,5.2,2013-12-4
예쁜 남자,4,4.3,2013-11-28
예쁜 남자,3,5.4,2013-11-27
예쁜 남자,2,6.1,2013-11-21
예쁜 남자,1,6.3,2013-11-20
미래의 선택,16,4.1,2013-12-3
미래의 선택,15,4.7,2013-12-2
미래의 선택,14,4.3,2013-11-26
미래의 선택,13,4.5,2013-11-25
미래의 선택,12,4.7,2013-11-19
미래의 선택,11,5.0,2013-11-18
미래의 선택,10,5.4,2013-11-12
미래의 선택,9,5.9,2013-11-11
미래의 선택,8,5.4,2013-11-5
미래의 선택,7,6.5,2013-11-4
미래의 선택,6,7.4,2013-10-29
미래의 선택,5,6.5,2013-10-28
미래의 선택,4,7.3,2013-10-22
미래의 선택,3,8.5,2013-10-21
미래의 선택,2,8.6,2013-10-15
미래의 선택,1,9.7,2013-10-14
비밀,16,18.9,2013-11-14
비밀,15,17.4,2013-11-13
비밀,14,17.3,2013-11-7
비밀,13,15.8,2013-11-6
비밀,12,16.7,2013-10-31
비밀,11,15.7,2013-10-30
비밀,10,16.3,2013-10-24
비밀,9,15.3,2013-10-23
비밀,8,15.3,2013-10-17
비밀,7,15.1,2013-10-16
비밀,6,14.6,2013-10-10
비밀,5,12.4,2013-10-9
비밀,4,10.7,2013-10-3
비밀,3,7.2,2013-10-2
비밀,2,5.7,2013-9-26
비밀,1,5.3,2013-9-25
굿 닥터,20,19.2,2013-10-8
굿 닥터,19,19.0,2013-10-7
굿 닥터,18,20.6,2013-10-1
굿 닥터,17,20.3,2013-9-30
굿 닥터,16,21.5,2013-9-24
굿 닥터,15,19.6,2013-9-23
굿 닥터,14,18.6,2013-9-17
굿 닥터,13,17.9,2013-9-16
굿 닥터,12,19.4,2013-9-10
굿 닥터,11,18.3,2013-9-9
굿 닥터,10,18.4,2013-9-3
굿 닥터,9,17.4,2013-9-2
굿 닥터,8,18.4,2013-8-27
굿 닥터,7,17.4,2013-8-26
굿 닥터,6,19.0,2013-8-20
굿 닥터,5,18.0,2013-8-19
굿 닥터,4,15.8,2013-8-13
굿 닥터,3,15.3,2013-8-12
굿 닥터,2,14.0,2013-8-6
굿 닥터,1,10.9,2013-8-5
칼과 꽃,20,5.3,2013-9-5
칼과 꽃,19,5.0,2013-9-4
칼과 꽃,18,5.4,2013-8-29
칼과 꽃,17,5.0,2013-8-28
칼과 꽃,16,4.5,2013-8-22
칼과 꽃,15,5.7,2013-8-21
칼과 꽃,14,4.6,2013-8-15
칼과 꽃,13,6.4,2013-8-14
칼과 꽃,12,6.5,2013-8-8
칼과 꽃,11,6.3,2013-8-7
칼과 꽃,10,5.0,2013-8-1
칼과 꽃,9,5.5,2013-7-31
칼과 꽃,8,5.8,2013-7-25
칼과 꽃,7,5.6,2013-7-24
칼과 꽃,6,5.8,2013-7-18
칼과 꽃,5,4.5,2013-7-17
칼과 꽃,4,5.3,2013-7-11
칼과 꽃,3,5.4,2013-7-10
칼과 꽃,2,6.4,2013-7-4
칼과 꽃,1,6.7,2013-7-3
상어,20,10.7,2013-7-30
상어,19,8.4,2013-7-29
상어,18,9.8,2013-7-23
상어,17,9.7,2013-7-22
상어,16,9.8,2013-7-16
상어,15,10.5,2013-7-15
상어,14,10.4,2013-7-9
상어,13,9.4,2013-7-8
상어,12,10.3,2013-7-2
상어,11,9.4,2013-7-1
상어,10,7.0,2013-6-25
상어,9,7.8,2013-6-24
상어,8,6.9,2013-6-18
상어,7,7.9,2013-6-17
상어,6,8.5,2013-6-11
상어,5,8.8,2013-6-10
상어,4,7.3,2013-6-4
상어,3,6.7,2013-6-3
상어,2,6.7,2013-5-28
상어,1,8.2,2013-5-27
천명,20,9.6,2013-6-27
천명,19,8.8,2013-6-26
천명,18,8.9,2013-6-20
천명,17,8.8,2013-6-19
천명,16,8.5,2013-6-13
천명,15,8.0,2013-6-12
천명,14,9.3,2013-6-6
천명,13,8.5,2013-6-5
천명,12,8.7,2013-5-30
천명,11,9.8,2013-5-29
천명,10,9.0,2013-5-23
천명,9,9.3,2013-5-22
천명,8,8.7,2013-5-16
천명,7,9.9,2013-5-15
천명,6,9.4,2013-5-9
천명,5,9.6,2013-5-8
천명,4,9.9,2013-5-2
천명,3,9.5,2013-5-1
천명,2,8.9,2013-4-25
천명,1,9.3,2013-4-24
직장의 신,16,14.2,2013-5-21
직장의 신,15,14.4,2013-5-20
직장의 신,14,12.8,2013-5-14
직장의 신,13,13.1,2013-5-13
직장의 신,12,14.0,2013-5-7
직장의 신,11,13.6,2013-5-6
직장의 신,10,14.5,2013-4-30
직장의 신,9,13.5,2013-4-29
직장의 신,8,14.6,2013-4-23
직장의 신,7,14.0,2013-4-22
직장의 신,6,14.2,2013-4-16
직장의 신,5,13.4,2013-4-15
직장의 신,4,12.1,2013-4-9
직장의 신,3,12.3,2013-4-8
직장의 신,2,8.6,2013-4-2
직장의 신,1,8.2,2013-4-1
아이리스 2,20,10.4,2013-4-18
아이리스 2,19,9.7,2013-4-17
아이리스 2,18,8.2,2013-4-11
아이리스 2,17,9.7,2013-4-10
아이리스 2,16,11.1,2013-4-4
아이리스 2,15,10.2,2013-4-3
아이리스 2,14,10.3,2013-3-28
아이리스 2,13,9.6,2013-3-27
아이리스 2,12,10.5,2013-3-21
아이리스 2,11,9.5,2013-3-20
아이리스 2,10,10.0,2013-3-14
아이리스 2,9,10.0,2013-3-13
아이리스 2,8,9.5,2013-3-7
아이리스 2,7,9.4,2013-3-6
아이리스 2,6,10.1,2013-2-28
아이리스 2,5,10.1,2013-2-27
아이리스 2,4,10.7,2013-2-21
아이리스 2,3,10.8,2013-2-20
아이리스 2,2,12.4,2013-2-14
아이리스 2,1,14.4,2013-2-13
광고천재 이태백,16,6.3,2013-3-26
광고천재 이태백,15,3.6,2013-3-25
광고천재 이태백,14,3.7,2013-3-19
광고천재 이태백,13,4.1,2013-3-18
광고천재 이태백,12,3.5,2013-3-12
광고천재 이태백,11,3.5,2013-3-11
광고천재 이태백,10,4.2,2013-3-5
광고천재 이태백,9,3.5,2013-3-4
광고천재 이태백,8,4.0,2013-2-26
광고천재 이태백,7,4.3,2013-2-25
광고천재 이태백,6,3.9,2013-2-19
광고천재 이태백,5,4.0,2013-2-18
광고천재 이태백,4,4.4,2013-2-12
광고천재 이태백,3,4.4,2013-2-11
광고천재 이태백,2,4.4,2013-2-5
광고천재 이태백,1,4.3,2013-2-4
전우치,24,15.2,2013-2-7
전우치,23,12.8,2013-2-6
전우치,22,12.7,2013-1-31
전우치,21,13.9,2013-1-30
전우치,20,13.4,2013-1-24
전우치,19,13.6,2013-1-23
전우치,18,13.8,2013-1-17
전우치,17,13.8,2013-1-16
전우치,16,13.3,2013-1-10
전우치,15,12.8,2013-1-9
전우치,14,12.8,2013-1-3
전우치,13,12.2,2013-1-2
전우치,12,12.9,2012-12-27
전우치,11,12.2,2012-12-26
전우치,10,11.9,2012-12-20
전우치,9,11.4,2012-12-19
전우치,8,10.3,2012-12-13
전우치,7,11.0,2012-12-12
전우치,6,10.8,2012-12-6
전우치,5,12.1,2012-12-5
전우치,4,12.5,2012-11-29
전우치,3,12.6,2012-11-28
전우치,2,13.2,2012-11-22
전우치,1,14.9,2012-11-21
학교 2013,16,15.0,2013-1-28
학교 2013,15,15.7,2013-1-22
학교 2013,14,14.0,2013-1-21
학교 2013,13,15.5,2013-1-15
학교 2013,12,14.5,2013-1-14
학교 2013,11,15.8,2013-1-8
학교 2013,10,13.1,2013-1-7
학교 2013,9,15.2,2013-1-1
학교 2013,8,12.9,2012-12-25
학교 2013,7,10.2,2012-12-24
학교 2013,6,11.5,2012-12-18
학교 2013,5,9.8,2012-12-17
학교 2013,4,8.9,2012-12-11
학교 2013,3,10.8,2012-12-10
학교 2013,2,8.2,2012-12-4
학교 2013,1,8.0,2012-12-3
울랄라 부부,18,8.9,2012-11-27
울랄라 부부,17,6.9,2012-11-26
울랄라 부부,16,8.5,2012-11-20
울랄라 부부,15,8.5,2012-11-19
울랄라 부부,14,10.3,2012-11-13
울랄라 부부,13,9.3,2012-11-12
울랄라 부부,12,11.6,2012-11-6
울랄라 부부,11,11.5,2012-11-5
울랄라 부부,10,12.5,2012-10-30
울랄라 부부,9,10.6,2012-10-29
울랄라 부부,8,10.5,2012-10-23
울랄라 부부,7,11.5,2012-10-22
울랄라 부부,6,11.1,2012-10-16
울랄라 부부,5,11.4,2012-10-15
울랄라 부부,4,12.2,2012-10-9
울랄라 부부,3,14.0,2012-10-8
울랄라 부부,2,14.5,2012-10-2
울랄라 부부,1,10.9,2012-10-1
세상 어디에도 없는 착한 남자,20,18.0,2012-11-15
세상 어디에도 없는 착한 남자,19,17.9,2012-11-14
세상 어디에도 없는 착한 남자,18,18.2,2012-11-8
세상 어디에도 없는 착한 남자,17,16.2,2012-11-7
세상 어디에도 없는 착한 남자,16,17.1,2012-11-1
세상 어디에도 없는 착한 남자,15,18.3,2012-10-31
세상 어디에도 없는 착한 남자,14,16.7,2012-10-25
세상 어디에도 없는 착한 남자,13,17.1,2012-10-24
세상 어디에도 없는 착한 남자,12,15.1,2012-10-18
세상 어디에도 없는 착한 남자,11,14.3,2012-10-17
세상 어디에도 없는 착한 남자,10,14.9,2012-10-11
세상 어디에도 없는 착한 남자,9,15.3,2012-10-10
세상 어디에도 없는 착한 남자,8,15.1,2012-10-4
세상 어디에도 없는 착한 남자,7,17.3,2012-10-3
세상 어디에도 없는 착한 남자,6,16.0,2012-9-27
세상 어디에도 없는 착한 남자,5,14.0,2012-9-26
세상 어디에도 없는 착한 남자,4,13.3,2012-9-20
세상 어디에도 없는 착한 남자,3,13.8,2012-9-19
세상 어디에도 없는 착한 남자,2,9.9,2012-9-13
세상 어디에도 없는 착한 남자,1,10.5,2012-9-12
해운대 연인들,16,11.3,2012-9-25
해운대 연인들,15,9.3,2012-9-24
해운대 연인들,14,9.2,2012-9-24
해운대 연인들,13,10.3,2012-9-18
해운대 연인들,12,9.0,2012-9-17
해운대 연인들,11,7.7,2012-9-10
해운대 연인들,10,9.3,2012-9-4
해운대 연인들,9,9.9,2012-9-3
해운대 연인들,8,9.8,2012-8-28
해운대 연인들,7,9.1,2012-8-27
해운대 연인들,6,9.3,2012-8-21
해운대 연인들,5,9.7,2012-8-20
해운대 연인들,4,8.2,2012-8-14
해운대 연인들,3,8.0,2012-8-13
해운대 연인들,2,12.1,2012-8-7
해운대 연인들,1,9.8,2012-8-6
각시탈,28,22.9,2012-9-6
각시탈,27,21.5,2012-9-5
각시탈,26,21.4,2012-8-30
각시탈,25,20.4,2012-8-29
각시탈,24,20.3,2012-8-23
각시탈,23,19.8,2012-8-22
각시탈,22,19.7,2012-8-16
각시탈,21,19.4,2012-8-15
각시탈,20,19.5,2012-8-9
각시탈,19,18.3,2012-8-8
각시탈,18,18.0,2012-8-1
각시탈,17,15.6,2012-7-25
각시탈,16,16.8,2012-7-19
각시탈,15,15.2,2012-7-18
각시탈,14,16.3,2012-7-12
각시탈,13,14.4,2012-7-11
각시탈,12,14.0,2012-7-5
각시탈,11,14.8,2012-7-4
각시탈,10,14.6,2012-6-28
각시탈,9,14.8,2012-6-27
각시탈,8,15.5,2012-6-21
각시탈,7,15.5,2012-6-20
각시탈,6,15.0,2012-6-14
각시탈,5,14.5,2012-6-13
각시탈,4,15.6,2012-6-7
각시탈,3,13.6,2012-6-6
각시탈,2,12.4,2012-5-31
각시탈,1,12.7,2012-5-30
빅,16,11.1,2012-7-24
빅,15,9.7,2012-7-23
빅,14,7.8,2012-7-17
빅,13,8.2,2012-7-16
빅,12,8.9,2012-7-10
빅,11,9.2,2012-7-9
빅,10,8.1,2012-7-3
빅,9,8.1,2012-7-2
빅,8,7.9,2012-6-26
빅,7,8.9,2012-6-25
빅,6,8.3,2012-6-19
빅,5,8.0,2012-6-18
빅,4,7.9,2012-6-12
빅,3,8.4,2012-6-11
빅,2,7.4,2012-6-5
빅,1,7.9,2012-6-4
사랑비,20,5.9,2012-5-29
사랑비,19,5.3,2012-5-28
사랑비,18,5.0,2012-5-22
사랑비,17,5.6,2012-5-21
사랑비,16,5.2,2012-5-15
사랑비,15,6.0,2012-5-14
사랑비,14,5.8,2012-5-8
사랑비,13,5.1,2012-5-7
사랑비,12,5.2,2012-5-1
사랑비,11,5.6,2012-4-30
사랑비,10,5.6,2012-4-24
사랑비,9,5.2,2012-4-23
사랑비,8,6.4,2012-4-17
사랑비,7,5.0,2012-4-16
사랑비,6,5.9,2012-4-10
사랑비,5,5.4,2012-4-9
사랑비,4,5.3,2012-4-3
사랑비,3,4.4,2012-4-2
사랑비,2,5.2,2012-3-27
사랑비,1,5.8,2012-3-26
적도의 남자,20,14.1,2012-5-24
적도의 남자,19,14.3,2012-5-23
적도의 남자,18,14.2,2012-5-17
적도의 남자,17,15.1,2012-5-16
적도의 남자,16,14.2,2012-5-10
적도의 남자,15,14.6,2012-5-9
적도의 남자,14,13.9,2012-5-3
적도의 남자,13,14.7,2012-5-2
적도의 남자,12,15.2,2012-4-26
적도의 남자,11,15.0,2012-4-25
적도의 남자,10,13.0,2012-4-19
적도의 남자,9,12.0,2012-4-18
적도의 남자,8,10.8,2012-4-12
적도의 남자,7,14.3,2012-4-11
적도의 남자,6,10.2,2012-4-5
적도의 남자,5,10.2,2012-4-4
적도의 남자,4,8.5,2012-3-29
적도의 남자,3,8.1,2012-3-28
적도의 남자,2,8.1,2012-3-22
적도의 남자,1,7.7,2012-3-21
드림하이2,16,6.6,2012-3-20
드림하이2,15,5.7,2012-3-19
드림하이2,14,5.8,2012-3-13
드림하이2,13,6.2,2012-3-12
드림하이2,12,6.4,2012-3-6
드림하이2,11,6.4,2012-3-5
드림하이2,10,7.9,2012-2-28
드림하이2,9,7.3,2012-2-27
드림하이2,8,7.9,2012-2-21
드림하이2,7,8.1,2012-2-20
드림하이2,6,7.9,2012-2-14
드림하이2,5,7.7,2012-2-13
드림하이2,4,8.2,2012-2-7
드림하이2,3,7.2,2012-2-6
드림하이2,2,9.8,2012-1-31
드림하이2,1,10.5,2012-1-30
난폭한 로맨스,16,5.4,2012-2-23
난폭한 로맨스,15,5.6,2012-2-22
난폭한 로맨스,14,5.0,2012-2-16
난폭한 로맨스,13,5.2,2012-2-15
난폭한 로맨스,12,5.1,2012-2-9
난폭한 로맨스,11,5.1,2012-2-8
난폭한 로맨스,10,4.5,2012-2-2
난폭한 로맨스,9,4.4,2012-2-1
난폭한 로맨스,8,6.4,2012-1-26
난폭한 로맨스,7,6.2,2012-1-25
난폭한 로맨스,6,6.4,2012-1-19
난폭한 로맨스,5,5.7,2012-1-18
난폭한 로맨스,4,6.2,2012-1-12
난폭한 로맨스,3,6.4,2012-1-11
난폭한 로맨스,2,6.7,2012-1-5
난폭한 로맨스,1,7.1,2012-1-4
브레인,20,16.1,2012-1-17
브레인,19,10.3,2012-1-16
브레인,18,16.2,2012-1-10
브레인,17,15.4,2012-1-9
브레인,16,17.9,2012-1-3
브레인,15,16.5,2012-1-2
브레인,14,15.5,2011-12-27
브레인,13,14.9,2011-12-26
브레인,12,13.1,2011-12-20
브레인,11,13.0,2011-12-19
브레인,10,13.1,2011-12-13
브레인,9,12.6,2011-12-12
브레인,8,11.8,2011-12-6
브레인,7,10.9,2011-12-5
브레인,6,10.0,2011-11-29
브레인,5,9.7,2011-11-28
브레인,4,8.8,2011-11-22
브레인,3,8.7,2011-11-21
브레인,2,9.5,2011-11-14
브레인,1,8.6,2011-11-14
영광의 재인,24,19.4,2011-12-28
영광의 재인,23,20.1,2011-12-28
영광의 재인,22,14.5,2011-12-22
영광의 재인,21,14.2,2011-12-21
영광의 재인,20,14.5,2011-12-15
영광의 재인,19,14.6,2011-12-14
영광의 재인,18,14.2,2011-12-8
영광의 재인,17,12.0,2011-12-7
영광의 재인,16,12.8,2011-12-1
영광의 재인,15,14.0,2011-11-30
영광의 재인,14,13.7,2011-11-24
영광의 재인,13,13.1,2011-11-23
영광의 재인,12,14.1,2011-11-17
영광의 재인,11,13.8,2011-11-16
영광의 재인,10,12.7,2011-11-10
영광의 재인,9,12.9,2011-11-9
영광의 재인,8,14.1,2011-11-3
영광의 재인,7,13.3,2011-11-2
영광의 재인,6,11.5,2011-10-27
영광의 재인,5,12.1,2011-10-26
영광의 재인,4,13.6,2011-10-20
영광의 재인,3,11.8,2011-10-19
영광의 재인,2,9.4,2011-10-13
영광의 재인,1,8.2,2011-10-12
포세이돈,16,8.9,2011-11-8
포세이돈,15,8.2,2011-11-7
포세이돈,14,7.7,2011-11-1
포세이돈,13,7.3,2011-10-31
포세이돈,12,7.3,2011-10-25
포세이돈,11,7.1,2011-10-24
포세이돈,10,7.4,2011-10-18
포세이돈,9,7.9,2011-10-17
포세이돈,8,8.5,2011-10-11
포세이돈,7,6.6,2011-10-10
포세이돈,6,5.8,2011-10-4
포세이돈,5,7.0,2011-10-3
포세이돈,4,6.3,2011-9-27
포세이돈,3,6.4,2011-9-26
포세이돈,2,7.1,2011-9-20
포세이돈,1,6.8,2011-9-19
공주의 남자,24,24.9,2011-10-6
공주의 남자,23,23.6,2011-10-5
공주의 남자,22,21.9,2011-9-29
공주의 남자,21,22.7,2011-9-28
공주의 남자,20,23.0,2011-9-22
공주의 남자,19,22.1,2011-9-21
공주의 남자,18,22.2,2011-9-15
공주의 남자,17,24.6,2011-9-14
공주의 남자,16,21.1,2011-9-8
공주의 남자,15,21.8,2011-9-7
공주의 남자,14,21.8,2011-9-1
공주의 남자,13,19.7,2011-8-31
공주의 남자,12,18.7,2011-8-25
공주의 남자,11,18.6,2011-8-24
공주의 남자,10,19.6,2011-8-18
공주의 남자,9,19.2,2011-8-17
공주의 남자,8,16.6,2011-8-11
공주의 남자,7,17.4,2011-8-10
공주의 남자,6,16.9,2011-8-4
공주의 남자,5,17.0,2011-8-3
공주의 남자,4,9.8,2011-7-28
공주의 남자,3,11.7,2011-7-27
공주의 남자,2,9.4,2011-7-21
공주의 남자,1,10.2,2011-7-20
스파이 명월,18,5.2,2011-9-6
스파이 명월,17,6.4,2011-9-6
스파이 명월,16,4.9,2011-9-5
스파이 명월,15,5.9,2011-8-30
스파이 명월,14,5.6,2011-8-29
스파이 명월,13,6.8,2011-8-23
스파이 명월,12,6.3,2011-8-22
스파이 명월,11,6.9,2011-8-16
스파이 명월,10,7.6,2011-8-9
스파이 명월,9,6.9,2011-8-8
스파이 명월,8,7.2,2011-8-2
스파이 명월,7,7.2,2011-8-1
스파이 명월,6,7.9,2011-7-26
스파이 명월,5,8.4,2011-7-25
스파이 명월,4,5.9,2011-7-19
스파이 명월,3,6.7,2011-7-18
스파이 명월,2,8.3,2011-7-12
스파이 명월,1,9.6,2011-7-11
로맨스타운,20,14.1,2011-7-14
로맨스타운,19,11.6,2011-7-13
로맨스타운,18,12.0,2011-7-7
로맨스타운,17,11.2,2011-7-6
로맨스타운,16,11.9,2011-6-30
로맨스타운,15,11.1,2011-6-29
로맨스타운,14,8.5,2011-6-23
로맨스타운,13,10.2,2011-6-22
로맨스타운,12,10.1,2011-6-16
로맨스타운,11,9.7,2011-6-15
로맨스타운,10,10.5,2011-6-9
로맨스타운,9,10.0,2011-6-8
로맨스타운,8,10.3,2011-6-2
로맨스타운,7,10.7,2011-6-1
로맨스타운,6,10.9,2011-5-26
로맨스타운,5,10.3,2011-5-25
로맨스타운,4,9.0,2011-5-19
로맨스타운,3,9.5,2011-5-18
로맨스타운,2,8.2,2011-5-12
로맨스타운,1,8.6,2011-5-11
동안 미녀,20,16.2,2011-7-5
동안 미녀,19,15.9,2011-7-4
동안 미녀,18,15.1,2011-6-28
동안 미녀,17,14.0,2011-6-27
동안 미녀,16,14.6,2011-6-21
동안 미녀,15,14.4,2011-6-20
동안 미녀,14,15.8,2011-6-14
동안 미녀,13,15.2,2011-6-13
동안 미녀,12,15.5,2011-6-7
동안 미녀,11,13.4,2011-6-6
동안 미녀,10,12.5,2011-5-31
동안 미녀,9,11.0,2011-5-30
동안 미녀,8,12.8,2011-5-24
동안 미녀,7,12.1,2011-5-23
동안 미녀,6,11.9,2011-5-17
동안 미녀,5,10.6,2011-5-16
동안 미녀,4,9.6,2011-5-10
동안 미녀,3,9.0,2011-5-9
동안 미녀,2,6.3,2011-5-3
동안 미녀,1,6.1,2011-5-2
가시나무새,20,14.2,2011-5-5
가시나무새,19,13.2,2011-5-4
가시나무새,18,11.0,2011-4-28
가시나무새,17,11.9,2011-4-27
가시나무새,16,10.4,2011-4-21
가시나무새,15,11.3,2011-4-20
가시나무새,14,10.6,2011-4-14
가시나무새,13,10.3,2011-4-13
가시나무새,12,10.2,2011-4-7
가시나무새,11,9.9,2011-4-6
가시나무새,10,9.6,2011-3-31
가시나무새,9,10.5,2011-3-30
가시나무새,8,10.2,2011-3-24
가시나무새,7,9.2,2011-3-23
가시나무새,6,9.0,2011-3-17
가시나무새,5,9.1,2011-3-16
가시나무새,4,6.5,2011-3-10
가시나무새,3,6.8,2011-3-9
가시나무새,2,6.9,2011-3-3
가시나무새,1,5.9,2011-3-2
강력반,16,7.6,2011-4-26
강력반,15,6.9,2011-4-25
강력반,14,6.8,2011-4-19
강력반,13,7.0,2011-4-18
강력반,12,6.9,2011-4-12
강력반,11,6.3,2011-4-11
강력반,10,8.7,2011-4-5
강력반,9,7.7,2011-4-4
강력반,8,7.6,2011-3-29
강력반,7,7.8,2011-3-28
강력반,6,7.6,2011-3-22
강력반,5,7.5,2011-3-21
강력반,4,7.8,2011-3-15
강력반,3,7.1,2011-3-14
강력반,2,7.9,2011-3-8
강력반,1,8.0,2011-3-7
드림 하이,16,17.2,2011-2-28
드림 하이,15,17.9,2011-2-22
드림 하이,14,17.6,2011-2-21
드림 하이,13,17.9,2011-2-15
드림 하이,12,16.7,2011-2-14
드림 하이,11,17.9,2011-2-8
드림 하이,10,17.6,2011-2-7
드림 하이,9,16.7,2011-2-1
드림 하이,8,16.3,2011-1-31
드림 하이,7,15.9,2011-1-24
드림 하이,6,15.8,2011-1-18
드림 하이,5,15.5,2011-1-17
드림 하이,4,13.8,2011-1-11
드림 하이,3,13.1,2011-1-10
드림 하이,2,10.8,2011-1-4
드림 하이,1,10.7,2011-1-3
프레지던트,20,7.3,2011-2-24
프레지던트,19,7.9,2011-2-23
프레지던트,18,7.7,2011-2-17
프레지던트,17,8.3,2011-2-16
프레지던트,16,7.5,2011-2-10
프레지던트,15,6.4,2011-2-9
프레지던트,14,7.7,2011-1-27
프레지던트,13,7.6,2011-1-26
프레지던트,12,7.7,2011-1-20
프레지던트,11,7.3,2011-1-19
프레지던트,10,7.1,2011-1-13
프레지던트,9,7.1,2011-1-12
프레지던트,8,7.7,2011-1-6
프레지던트,7,8.9,2011-1-5
프레지던트,6,10.0,2010-12-29
프레지던트,5,9.8,2010-12-29
프레지던트,4,4.3,2010-12-23
프레지던트,3,5.6,2010-12-22
프레지던트,2,5.9,2010-12-16
프레지던트,1,6.3,2010-12-15
메리는 외박중,16,7.3,2010-12-28
메리는 외박중,15,5.9,2010-12-27
메리는 외박중,14,6.6,2010-12-21
메리는 외박중,13,6.4,2010-12-20
메리는 외박중,12,6.3,2010-12-14
메리는 외박중,11,8.4,2010-12-13
메리는 외박중,10,6.1,2010-12-13
메리는 외박중,9,5.7,2010-12-7
메리는 외박중,8,7.9,2010-12-6
메리는 외박중,7,6.7,2010-11-30
메리는 외박중,6,6.6,2010-11-29
메리는 외박중,5,7.8,2010-11-22
메리는 외박중,4,8.8,2010-11-16
메리는 외박중,3,9.0,2010-11-15
메리는 외박중,2,8.0,2010-11-9
메리는 외박중,1,8.5,2010-11-8
도망자 Plan.B,20,12.7,2010-12-8
도망자 Plan.B,19,11.7,2010-12-2
도망자 Plan.B,18,12.0,2010-12-1
도망자 Plan.B,17,13.9,2010-11-24
도망자 Plan.B,16,13.5,2010-11-18
도망자 Plan.B,15,11.3,2010-11-17
도망자 Plan.B,14,13.2,2010-11-11
도망자 Plan.B,13,12.3,2010-11-10
도망자 Plan.B,12,12.3,2010-11-4
도망자 Plan.B,11,12.5,2010-11-3
도망자 Plan.B,10,12.3,2010-10-28
도망자 Plan.B,9,12.8,2010-10-27
도망자 Plan.B,8,11.0,2010-10-21
도망자 Plan.B,7,10.8,2010-10-20
도망자 Plan.B,6,11.9,2010-10-14
도망자 Plan.B,5,15.1,2010-10-13
도망자 Plan.B,4,16.2,2010-10-7
도망자 Plan.B,3,18.0,2010-10-6
도망자 Plan.B,2,17.9,2010-9-30
도망자 Plan.B,1,20.7,2010-9-29
성균관 스캔들,20,12.8,2010-11-2
성균관 스캔들,19,11.8,2010-11-1
성균관 스캔들,18,12.6,2010-10-26
성균관 스캔들,17,13.0,2010-10-25
성균관 스캔들,16,14.3,2010-10-19
성균관 스캔들,15,13.1,2010-10-18
성균관 스캔들,14,10.9,2010-10-12
성균관 스캔들,13,12.8,2010-10-11
성균관 스캔들,12,10.7,2010-10-5
성균관 스캔들,11,10.4,2010-10-4
성균관 스캔들,10,10.2,2010-9-28
성균관 스캔들,9,9.2,2010-9-27
성균관 스캔들,8,7.9,2010-9-21
성균관 스캔들,7,8.7,2010-9-20
성균관 스캔들,6,8.4,2010-9-14
성균관 스캔들,5,8.0,2010-9-13
성균관 스캔들,4,7.5,2010-9-7
성균관 스캔들,3,7.3,2010-9-6
성균관 스캔들,2,6.3,2010-8-31
성균관 스캔들,1,6.3,2010-8-30
제빵왕 김탁구,30,49.3,2010-9-16
제빵왕 김탁구,29,45.3,2010-9-15
제빵왕 김탁구,28,44.7,2010-9-9
제빵왕 김탁구,27,43.3,2010-9-8
제빵왕 김탁구,26,45.0,2010-9-2
제빵왕 김탁구,25,44.0,2010-9-1
제빵왕 김탁구,24,41.9,2010-8-26
제빵왕 김탁구,23,43.6,2010-8-25
제빵왕 김탁구,22,42.3,2010-8-19
제빵왕 김탁구,21,41.9,2010-8-18
제빵왕 김탁구,20,42.6,2010-8-12
제빵왕 김탁구,19,42.3,2010-8-11
제빵왕 김탁구,18,40.5,2010-8-5
제빵왕 김탁구,17,39.5,2010-8-4
제빵왕 김탁구,16,37.9,2010-7-29
제빵왕 김탁구,15,36.6,2010-7-28
제빵왕 김탁구,14,37.9,2010-7-22
제빵왕 김탁구,13,37.3,2010-7-21
제빵왕 김탁구,12,35.3,2010-7-15
제빵왕 김탁구,11,34.1,2010-7-14
제빵왕 김탁구,10,33.0,2010-7-8
제빵왕 김탁구,9,33.4,2010-7-7
제빵왕 김탁구,8,31.6,2010-7-1
제빵왕 김탁구,7,31.0,2010-6-30
제빵왕 김탁구,6,31.1,2010-6-24
제빵왕 김탁구,5,27.1,2010-6-23
제빵왕 김탁구,4,24.2,2010-6-17
제빵왕 김탁구,3,26.4,2010-6-16
제빵왕 김탁구,2,14.4,2010-6-10
제빵왕 김탁구,1,14.2,2010-6-9
구미호 : 여우누이뎐,16,12.9,2010-8-24
구미호 : 여우누이뎐,15,11.3,2010-8-23
구미호 : 여우누이뎐,14,12.8,2010-8-17
구미호 : 여우누이뎐,13,11.8,2010-8-16
구미호 : 여우누이뎐,12,12.7,2010-8-10
구미호 : 여우누이뎐,11,13.1,2010-8-9
구미호 : 여우누이뎐,10,12.0,2010-8-3
구미호 : 여우누이뎐,9,10.2,2010-8-2
구미호 : 여우누이뎐,8,10.0,2010-7-27
구미호 : 여우누이뎐,7,9.8,2010-7-26
구미호 : 여우누이뎐,6,10.9,2010-7-20
구미호 : 여우누이뎐,5,9.5,2010-7-19
구미호 : 여우누이뎐,4,8.5,2010-7-13
구미호 : 여우누이뎐,3,8.4,2010-7-12
구미호 : 여우누이뎐,2,7.4,2010-7-6
구미호 : 여우누이뎐,1,7.3,2010-7-5
국가가 부른다,16,7.0,2010-6-29
국가가 부른다,15,6.1,2010-6-28
국가가 부른다,14,7.3,2010-6-22
국가가 부른다,13,6.6,2010-6-21
국가가 부른다,12,7.0,2010-6-15
국가가 부른다,11,7.2,2010-6-14
국가가 부른다,10,5.4,2010-6-8
국가가 부른다,9,5.2,2010-6-7
국가가 부른다,8,5.9,2010-6-1
국가가 부른다,7,6.0,2010-5-31
국가가 부른다,6,5.7,2010-5-25
국가가 부른다,5,7.6,2010-5-24
국가가 부른다,4,6.3,2010-5-18
국가가 부른다,3,6.3,2010-5-17
국가가 부른다,2,6.6,2010-5-11
국가가 부른다,1,6.9,2010-5-10
거상 김만덕,30,17.0,2010-6-13
거상 김만덕,29,6.8,2010-6-12
거상 김만덕,28,13.6,2010-6-6
거상 김만덕,27,12.7,2010-6-5
거상 김만덕,26,10.3,2010-5-30
거상 김만덕,25,12.7,2010-5-29
거상 김만덕,24,14.4,2010-5-23
거상 김만덕,23,12.5,2010-5-22
거상 김만덕,22,12.6,2010-5-16
거상 김만덕,21,8.3,2010-5-15
거상 김만덕,20,12.3,2010-5-9
거상 김만덕,19,10.0,2010-5-8
거상 김만덕,18,11.7,2010-5-2
거상 김만덕,17,12.1,2010-5-1
거상 김만덕,16,13.3,2010-4-25
거상 김만덕,15,10.9,2010-4-24
거상 김만덕,14,13.8,2010-4-18
거상 김만덕,13,13.0,2010-4-17
거상 김만덕,12,13.2,2010-4-11
거상 김만덕,11,12.4,2010-4-10
거상 김만덕,10,15.0,2010-4-4
거상 김만덕,9,12.5,2010-4-3
거상 김만덕,8,15.0,2010-3-28
거상 김만덕,7,14.4,2010-3-27
거상 김만덕,6,16.0,2010-3-21
거상 김만덕,5,14.2,2010-3-20
거상 김만덕,4,12.4,2010-3-14
거상 김만덕,3,12.1,2010-3-13
거상 김만덕,2,11.6,2010-3-7
거상 김만덕,1,11.9,2010-3-6
신데렐라 언니,20,19.4,2010-6-3
신데렐라 언니,19,20.0,2010-6-2
신데렐라 언니,18,19.4,2010-5-27
신데렐라 언니,17,20.2,2010-5-26
신데렐라 언니,16,14.8,2010-5-20
신데렐라 언니,15,17.1,2010-5-19
신데렐라 언니,14,16.7,2010-5-13
신데렐라 언니,13,17.3,2010-5-12
신데렐라 언니,12,19.2,2010-5-6
신데렐라 언니,11,18.3,2010-5-5
신데렐라 언니,10,19.2,2010-4-29
신데렐라 언니,9,18.7,2010-4-28
신데렐라 언니,8,18.0,2010-4-22
신데렐라 언니,7,17.9,2010-4-21
신데렐라 언니,6,18.2,2010-4-15
신데렐라 언니,5,19.1,2010-4-14
신데렐라 언니,4,17.7,2010-4-8
신데렐라 언니,3,16.1,2010-4-7
신데렐라 언니,2,14.5,2010-4-1
신데렐라 언니,1,15.8,2010-3-31
부자의 탄생,20,15.5,2010-5-4
부자의 탄생,19,13.3,2010-5-3
부자의 탄생,18,13.0,2010-4-27
부자의 탄생,17,14.3,2010-4-26
부자의 탄생,16,14.2,2010-4-20
부자의 탄생,15,14.8,2010-4-19
부자의 탄생,14,14.4,2010-4-13
부자의 탄생,13,13.5,2010-4-12
부자의 탄생,12,16.2,2010-4-6
부자의 탄생,11,15.1,2010-4-5
부자의 탄생,10,15.9,2010-3-30
부자의 탄생,9,15.6,2010-3-29
부자의 탄생,8,15.7,2010-3-23
부자의 탄생,7,14.9,2010-3-22
부자의 탄생,6,17.0,2010-3-16
부자의 탄생,5,15.0,2010-3-15
부자의 탄생,4,13.1,2010-3-9
부자의 탄생,3,11.2,2010-3-8
부자의 탄생,2,11.6,2010-3-2
부자의 탄생,1,12.2,2010-3-1
추노,24,32.1,2010-3-25
추노,23,31.1,2010-3-24
추노,22,29.2,2010-3-18
추노,21,28.9,2010-3-17
추노,20,31.2,2010-3-11
추노,19,31.4,2010-3-10
추노,18,33.0,2010-3-4
추노,17,32.2,2010-3-3
추노,16,31.5,2010-2-25
추노,15,31.3,2010-2-24
추노,14,30.6,2010-2-18
추노,13,31.8,2010-2-17
추노,12,31.2,2010-2-11
추노,11,32.1,2010-2-10
추노,10,31.4,2010-2-4
추노,9,32.1,2010-2-3
추노,8,31.9,2010-1-28
추노,7,34.0,2010-1-27
추노,6,32.0,2010-1-21
추노,5,30.8,2010-1-20
추노,4,28.2,2010-1-14
추노,3,26.4,2010-1-13
추노,2,22.4,2010-1-7
추노,1,19.7,2010-1-6
공부의 신,16,25.1,2010-2-23
공부의 신,15,23.2,2010-2-22
공부의 신,14,22.9,2010-2-16
공부의 신,13,20.6,2010-2-15
공부의 신,12,22.9,2010-2-9
공부의 신,11,21.7,2010-2-8
공부의 신,10,22.6,2010-2-2
공부의 신,9,21.8,2010-2-1
공부의 신,8,22.8,2010-1-26
공부의 신,7,21.4,2010-1-25
공부의 신,6,22.9,2010-1-19
공부의 신,5,23.2,2010-1-18
공부의 신,4,23.5,2010-1-12
공부의 신,3,21.2,2010-1-11
공부의 신,2,15.9,2010-1-5
공부의 신,1,13.4,2010-1-4
아이리스,20,35.5,2009-12-17
아이리스,19,31.6,2009-12-16
아이리스,18,32.2,2009-12-10
아이리스,17,32.8,2009-12-9
아이리스,16,31.3,2009-12-3
아이리스,15,30.6,2009-12-2
아이리스,14,27.4,2009-11-26
아이리스,13,29.6,2009-11-25
아이리스,12,28.0,2009-11-19
아이리스,11,29.3,2009-11-18
아이리스,10,28.6,2009-11-12
아이리스,9,28.2,2009-11-11
아이리스,8,27.1,2009-11-5
아이리스,7,27.8,2009-11-4
아이리스,6,27.7,2009-10-29
아이리스,5,26.7,2009-10-28
아이리스,4,23.8,2009-10-22
아이리스,3,25.9,2009-10-21
아이리스,2,23.0,2009-10-15
아이리스,1,20.3,2009-10-14
열혈장사꾼,20,9.0,2009-12-13
열혈장사꾼,19,7.4,2009-12-12
열혈장사꾼,18,9.3,2009-12-6
열혈장사꾼,17,8.2,2009-12-5
열혈장사꾼,16,9.4,2009-11-29
열혈장사꾼,15,6.8,2009-11-28
열혈장사꾼,14,9.3,2009-11-22
열혈장사꾼,13,7.5,2009-11-21
열혈장사꾼,12,10.8,2009-11-15
열혈장사꾼,11,6.9,2009-11-14
열혈장사꾼,10,11.3,2009-11-8
열혈장사꾼,9,8.2,2009-11-7
열혈장사꾼,8,10.1,2009-11-1
열혈장사꾼,7,8.2,2009-10-31
열혈장사꾼,6,10.5,2009-10-25
열혈장사꾼,5,9.4,2009-10-24
열혈장사꾼,4,12.5,2009-10-18
열혈장사꾼,3,7.9,2009-10-17
열혈장사꾼,2,10.1,2009-10-11
열혈장사꾼,1,9.5,2009-10-10
아가씨를 부탁해,16,18.3,2009-10-8
아가씨를 부탁해,15,15.6,2009-10-7
아가씨를 부탁해,14,13.6,2009-10-1
아가씨를 부탁해,13,14.1,2009-9-30
아가씨를 부탁해,12,14.9,2009-9-24
아가씨를 부탁해,11,13.4,2009-9-23
아가씨를 부탁해,10,12.8,2009-9-17
아가씨를 부탁해,9,13.1,2009-9-16
아가씨를 부탁해,8,13.3,2009-9-10
아가씨를 부탁해,7,12.6,2009-9-9
아가씨를 부탁해,6,14.5,2009-9-3
아가씨를 부탁해,5,14.1,2009-9-2
아가씨를 부탁해,4,15.6,2009-8-27
아가씨를 부탁해,3,14.3,2009-8-26
아가씨를 부탁해,2,15.7,2009-8-20
아가씨를 부탁해,1,16.9,2009-8-19
파트너,16,12.7,2009-8-13
파트너,15,11.3,2009-8-12
파트너,14,9.7,2009-8-6
파트너,13,9.2,2009-8-5
파트너,12,11.0,2009-7-30
파트너,11,11.0,2009-7-29
파트너,10,11.2,2009-7-23
파트너,9,12.1,2009-7-22
파트너,8,10.9,2009-7-16
파트너,7,11.3,2009-7-15
파트너,6,9.6,2009-7-9
파트너,5,12.3,2009-7-8
파트너,4,6.8,2009-7-2
파트너,3,7.8,2009-7-1
파트너,2,5.7,2009-6-25
파트너,1,6.0,2009-6-24
결혼 못하는 남자,16,8.1,2009-8-4
결혼 못하는 남자,15,7.2,2009-8-3
결혼 못하는 남자,14,7.8,2009-7-28
결혼 못하는 남자,13,6.8,2009-7-27
결혼 못하는 남자,12,7.7,2009-7-21
결혼 못하는 남자,11,7.7,2009-7-20
결혼 못하는 남자,10,8.1,2009-7-14
결혼 못하는 남자,9,7.5,2009-7-13
결혼 못하는 남자,8,8.8,2009-7-7
결혼 못하는 남자,7,8.2,2009-7-6
결혼 못하는 남자,6,8.4,2009-6-30
결혼 못하는 남자,5,7.2,2009-6-29
결혼 못하는 남자,4,8.7,2009-6-23
결혼 못하는 남자,3,7.4,2009-6-22
결혼 못하는 남자,2,6.1,2009-6-16
결혼 못하는 남자,1,6.5,2009-6-15
그저 바라보다가,16,14.0,2009-6-18
그저 바라보다가,15,14.4,2009-6-17
그저 바라보다가,14,13.1,2009-6-11
그저 바라보다가,13,12.1,2009-6-10
그저 바라보다가,12,12.3,2009-6-4
그저 바라보다가,11,11.4,2009-6-3
그저 바라보다가,10,11.5,2009-5-28
그저 바라보다가,9,9.7,2009-5-27
그저 바라보다가,8,10.4,2009-5-21
그저 바라보다가,7,10.0,2009-5-20
그저 바라보다가,6,10.0,2009-5-14
그저 바라보다가,5,9.0,2009-5-13
그저 바라보다가,4,10.2,2009-5-7
그저 바라보다가,3,9.6,2009-5-6
그저 바라보다가,2,8.0,2009-4-30
그저 바라보다가,1,7.6,2009-4-29
남자 이야기,20,9.1,2009-6-9
남자 이야기,19,8.7,2009-6-8
남자 이야기,18,9.2,2009-6-2
남자 이야기,17,8.8,2009-6-1
남자 이야기,16,9.6,2009-5-26
남자 이야기,15,9.5,2009-5-25
남자 이야기,14,7.2,2009-5-19
남자 이야기,13,6.7,2009-5-18
남자 이야기,12,6.4,2009-5-12
남자 이야기,11,6.4,2009-5-11
남자 이야기,10,6.7,2009-5-5
남자 이야기,9,6.7,2009-5-4
남자 이야기,8,6.1,2009-4-28
남자 이야기,7,5.8,2009-4-27
남자 이야기,6,6.8,2009-4-21
남자 이야기,5,6.6,2009-4-20
남자 이야기,4,7.0,2009-4-14
남자 이야기,3,6.5,2009-4-13
남자 이야기,2,6.0,2009-4-7
남자 이야기,1,6.8,2009-4-6
꽃보다 남자,25,32.7,2009-3-31
꽃보다 남자,24,29.0,2009-3-30
꽃보다 남자,23,30.3,2009-3-24
꽃보다 남자,22,29.9,2009-3-23
꽃보다 남자,21,30.8,2009-3-17
꽃보다 남자,20,30.6,2009-3-16
꽃보다 남자,19,26.6,2009-3-10
꽃보다 남자,18,32.9,2009-3-9
꽃보다 남자,17,26.6,2009-3-3
꽃보다 남자,16,30.1,2009-2-24
꽃보다 남자,15,29.2,2009-2-23
꽃보다 남자,14,27.7,2009-2-17
꽃보다 남자,13,27.6,2009-2-16
꽃보다 남자,12,27.6,2009-2-10
꽃보다 남자,11,26.2,2009-2-9
꽃보다 남자,10,26.7,2009-2-3
꽃보다 남자,9,25.8,2009-2-2
꽃보다 남자,8,22.6,2009-1-27
꽃보다 남자,7,18.1,2009-1-26
꽃보다 남자,6,23.2,2009-1-20
꽃보다 남자,5,22.2,2009-1-19
꽃보다 남자,4,17.7,2009-1-13
꽃보다 남자,3,18.2,2009-1-12
꽃보다 남자,2,16.1,2009-1-6
꽃보다 남자,1,13.7,2009-1-5
그들이 사는 세상,16,6.6,2008-12-16
그들이 사는 세상,15,5.7,2008-12-15
그들이 사는 세상,14,5.8,2008-12-9
그들이 사는 세상,13,6.7,2008-12-8
그들이 사는 세상,12,5.7,2008-12-2
그들이 사는 세상,11,5.5,2008-12-1
그들이 사는 세상,10,6.1,2008-11-25
그들이 사는 세상,9,5.1,2008-11-24
그들이 사는 세상,8,6.3,2008-11-18
그들이 사는 세상,7,5.6,2008-11-17
그들이 사는 세상,6,5.6,2008-11-11
그들이 사는 세상,5,5.7,2008-11-10
그들이 사는 세상,4,6.5,2008-11-4
그들이 사는 세상,3,5.5,2008-11-3
그들이 사는 세상,2,6.9,2008-10-28
그들이 사는 세상,1,7.7,2008-10-27
연애결혼,16,4.2,2008-10-20
연애결혼,15,3.9,2008-10-14
연애결혼,14,3.7,2008-10-13
연애결혼,13,4.7,2008-10-7
연애결혼,12,4.1,2008-10-6
연애결혼,11,4.7,2008-9-30
연애결혼,10,4.3,2008-9-29
연애결혼,9,5.5,2008-9-23
연애결혼,8,4.6,2008-9-22
연애결혼,7,5.2,2008-9-16
연애결혼,6,5.5,2008-9-9
연애결혼,5,5.1,2008-9-8
연애결혼,4,5.7,2008-9-2
연애결혼,3,5.2,2008-9-1
연애결혼,2,8.8,2008-8-26
연애결혼,1,7.4,2008-8-25
최강칠우,20,14.7,2008-8-19
최강칠우,19,12.8,2008-8-18
최강칠우,18,14.5,2008-8-12
최강칠우,17,11.2,2008-8-11
최강칠우,16,11.4,2008-8-5
최강칠우,15,11.2,2008-8-4
최강칠우,14,11.3,2008-7-29
최강칠우,13,11.8,2008-7-28
최강칠우,12,12.0,2008-7-22
최강칠우,11,12.1,2008-7-21
최강칠우,10,11.3,2008-7-15
최강칠우,9,11.2,2008-7-14
최강칠우,8,12.1,2008-7-8
최강칠우,7,11.4,2008-7-7
최강칠우,6,11.2,2008-7-1
최강칠우,5,10.2,2008-6-30
최강칠우,4,11.2,2008-6-24
최강칠우,3,11.1,2008-6-23
최강칠우,2,11.3,2008-6-17
최강칠우,1,11.1,2008-6-17
강적들,16,9.4,2008-6-3
강적들,15,8.4,2008-6-2
강적들,14,8.3,2008-5-27
강적들,13,7.8,2008-5-26
강적들,12,8.8,2008-5-20
강적들,11,7.5,2008-5-19
강적들,10,7.9,2008-5-13
강적들,9,8.2,2008-5-12
강적들,8,8.2,2008-5-6
강적들,7,8.6,2008-5-5
강적들,6,6.7,2008-4-29
강적들,5,7.2,2008-4-28
강적들,4,7.0,2008-4-22
강적들,3,6.4,2008-4-21
강적들,2,6.4,2008-4-15
강적들,1,6.1,2008-4-14
아빠 셋 엄마 하나,16,8.3,2008-5-22
아빠 셋 엄마 하나,15,9.4,2008-5-21
아빠 셋 엄마 하나,14,7.6,2008-5-15
아빠 셋 엄마 하나,13,7.2,2008-5-14
아빠 셋 엄마 하나,12,7.4,2008-5-8
아빠 셋 엄마 하나,11,7.5,2008-5-7
아빠 셋 엄마 하나,10,7.1,2008-5-1
아빠 셋 엄마 하나,9,6.9,2008-4-30
아빠 셋 엄마 하나,8,8.1,2008-4-24
아빠 셋 엄마 하나,7,7.1,2008-4-23
아빠 셋 엄마 하나,6,8.3,2008-4-17
아빠 셋 엄마 하나,5,8.0,2008-4-16
아빠 셋 엄마 하나,4,11.5,2008-4-10
아빠 셋 엄마 하나,3,13.3,2008-4-9
아빠 셋 엄마 하나,2,5.5,2008-4-3
아빠 셋 엄마 하나,1,5.7,2008-4-2
싱글파파는 열애중,16,4.9,2008-4-8
싱글파파는 열애중,15,4.3,2008-4-7
싱글파파는 열애중,14,4.6,2008-4-1
싱글파파는 열애중,13,3.8,2008-3-31
싱글파파는 열애중,12,4.3,2008-3-25
싱글파파는 열애중,11,4.6,2008-3-24
싱글파파는 열애중,10,4.4,2008-3-18
싱글파파는 열애중,9,3.9,2008-3-17
싱글파파는 열애중,8,4.7,2008-3-11
싱글파파는 열애중,7,4.5,2008-3-10
싱글파파는 열애중,6,4.7,2008-3-4
싱글파파는 열애중,5,4.0,2008-3-3
싱글파파는 열애중,4,5.6,2008-2-26
싱글파파는 열애중,3,5.3,2008-2-25
싱글파파는 열애중,2,4.5,2008-2-19
싱글파파는 열애중,1,5.9,2008-2-18
쾌도 홍길동,24,12.9,2008-3-26
쾌도 홍길동,23,13.9,2008-3-20
쾌도 홍길동,22,15.0,2008-3-19
쾌도 홍길동,21,15.0,2008-3-12
쾌도 홍길동,20,16.9,2008-3-6
쾌도 홍길동,19,16.1,2008-3-5
쾌도 홍길동,18,15.0,2008-2-28
쾌도 홍길동,17,14.6,2008-2-27
쾌도 홍길동,16,14.2,2008-2-21
쾌도 홍길동,15,13.2,2008-2-20
쾌도 홍길동,14,14.1,2008-2-14
쾌도 홍길동,13,13.8,2008-2-13
쾌도 홍길동,12,8.8,2008-2-7
쾌도 홍길동,11,14.9,2008-2-6
쾌도 홍길동,10,15.5,2008-1-31
쾌도 홍길동,9,14.9,2008-1-30
쾌도 홍길동,8,15.8,2008-1-24
쾌도 홍길동,7,14.1,2008-1-23
쾌도 홍길동,6,15.2,2008-1-17
쾌도 홍길동,5,13.4,2008-1-16
쾌도 홍길동,4,15.4,2008-1-10
쾌도 홍길동,3,15.0,2008-1-9
쾌도 홍길동,2,15.8,2008-1-3
쾌도 홍길동,1,15.4,2008-1-2
못된 사랑,20,7.3,2008-2-12
못된 사랑,19,5.8,2008-2-11
못된 사랑,18,6.9,2008-2-4
못된 사랑,17,7.4,2008-1-29
못된 사랑,16,7.4,2008-1-28
못된 사랑,15,7.9,2008-1-22
못된 사랑,14,8.5,2008-1-21
못된 사랑,13,7.8,2008-1-15
못된 사랑,12,7.9,2008-1-14
못된 사랑,11,8.4,2008-1-8
못된 사랑,10,9.5,2008-1-7
못된 사랑,9,8.8,2008-1-1
못된 사랑,8,8.5,2007-12-25
못된 사랑,7,6.3,2007-12-24
못된 사랑,6,8.3,2007-12-18
못된 사랑,5,7.7,2007-12-17
못된 사랑,4,10.3,2007-12-11
못된 사랑,3,7.7,2007-12-10
못된 사랑,2,6.0,2007-12-4
못된 사랑,1,6.1,2007-12-3
인순이는 예쁘다,16,8.1,2007-12-27
인순이는 예쁘다,15,5.6,2007-12-26
인순이는 예쁘다,14,6.8,2007-12-20
인순이는 예쁘다,13,10.4,2007-12-19
인순이는 예쁘다,12,7.3,2007-12-13
인순이는 예쁘다,11,8.7,2007-12-12
인순이는 예쁘다,10,8.5,2007-12-6
인순이는 예쁘다,9,6.2,2007-12-5
인순이는 예쁘다,8,7.0,2007-11-29
인순이는 예쁘다,7,6.8,2007-11-28
인순이는 예쁘다,6,7.4,2007-11-22
인순이는 예쁘다,5,6.5,2007-11-21
인순이는 예쁘다,4,6.9,2007-11-15
인순이는 예쁘다,3,7.0,2007-11-14
인순이는 예쁘다,2,6.3,2007-11-8
인순이는 예쁘다,1,5.4,2007-11-7
얼렁뚱땅 흥신소,16,4.2,2007-11-27
얼렁뚱땅 흥신소,15,3.1,2007-11-26
얼렁뚱땅 흥신소,14,3.6,2007-11-20
얼렁뚱땅 흥신소,13,3.5,2007-11-19
얼렁뚱땅 흥신소,12,4.9,2007-11-13
얼렁뚱땅 흥신소,11,3.3,2007-11-12
얼렁뚱땅 흥신소,10,4.1,2007-11-6
얼렁뚱땅 흥신소,9,3.2,2007-11-5
얼렁뚱땅 흥신소,8,3.7,2007-10-30
얼렁뚱땅 흥신소,7,4.0,2007-10-29
얼렁뚱땅 흥신소,6,5.0,2007-10-23
얼렁뚱땅 흥신소,5,5.2,2007-10-22
얼렁뚱땅 흥신소,4,3.9,2007-10-16
얼렁뚱땅 흥신소,3,3.6,2007-10-15
얼렁뚱땅 흥신소,2,4.1,2007-10-9
얼렁뚱땅 흥신소,1,4.6,2007-10-8
아이 엠 샘,16,6.3,2007-10-2
아이 엠 샘,15,6.6,2007-10-1
아이 엠 샘,14,6.4,2007-9-18
아이 엠 샘,13,6.2,2007-9-17
아이 엠 샘,12,7.8,2007-9-11
아이 엠 샘,11,7.9,2007-9-10
아이 엠 샘,10,7.9,2007-9-4
아이 엠 샘,9,10.6,2007-9-3
아이 엠 샘,8,8.3,2007-8-28
아이 엠 샘,7,5.9,2007-8-27
아이 엠 샘,6,5.9,2007-8-21
아이 엠 샘,5,5.2,2007-8-20
아이 엠 샘,4,5.3,2007-8-14
아이 엠 샘,3,6.0,2007-8-13
아이 엠 샘,2,6.0,2007-8-7
아이 엠 샘,1,6.5,2007-8-6
경성스캔들,16,10.0,2007-8-1
경성스캔들,15,10.0,2007-7-26
경성스캔들,14,9.7,2007-7-25
경성스캔들,13,8.1,2007-7-19
경성스캔들,12,8.9,2007-7-18
경성스캔들,11,7.4,2007-7-12
경성스캔들,10,6.9,2007-7-5
경성스캔들,9,6.7,2007-7-4
경성스캔들,8,6.8,2007-6-28
경성스캔들,7,6.6,2007-6-27
경성스캔들,6,5.9,2007-6-21
경성스캔들,5,5.1,2007-6-20
경성스캔들,4,6.2,2007-6-14
경성스캔들,3,6.3,2007-6-13
경성스캔들,2,6.0,2007-6-7
경성스캔들,1,6.8,2007-6-6
마왕,20,9.1,2007-5-24
마왕,19,7.5,2007-5-23
마왕,18,8.7,2007-5-17
마왕,17,8.3,2007-5-16
마왕,16,7.7,2007-5-10
마왕,15,6.8,2007-5-9
마왕,14,7.3,2007-5-3
마왕,13,6.6,2007-5-2
마왕,12,7.4,2007-4-26
마왕,11,7.7,2007-4-25
마왕,10,7.7,2007-4-19
마왕,9,7.8,2007-4-18
마왕,8,8.1,2007-4-12
마왕,7,8.2,2007-4-11
마왕,6,9.1,2007-4-5
마왕,5,8.6,2007-4-4
마왕,4,8.3,2007-3-29
마왕,3,9.6,2007-3-28
마왕,2,9.7,2007-3-22
마왕,1,10.1,2007-3-21
달자의 봄,22,17.4,2007-3-15
달자의 봄,21,16.4,2007-3-14
달자의 봄,20,17.6,2007-3-8
달자의 봄,19,17.9,2007-3-7
달자의 봄,18,17.8,2007-3-1
달자의 봄,17,16.6,2007-2-28
달자의 봄,16,19.5,2007-2-22
달자의 봄,15,17.5,2007-2-21
달자의 봄,14,19.9,2007-2-15
달자의 봄,13,17.6,2007-2-14
달자의 봄,12,18.0,2007-2-8
달자의 봄,11,18.4,2007-2-7
달자의 봄,10,18.0,2007-2-1
달자의 봄,9,16.3,2007-1-31
달자의 봄,8,18.1,2007-1-25
달자의 봄,7,17.4,2007-1-24
달자의 봄,6,17.7,2007-1-18
달자의 봄,5,16.3,2007-1-17
달자의 봄,4,12.9,2007-1-11
달자의 봄,3,11.7,2007-1-10
달자의 봄,2,13.9,2007-1-4
달자의 봄,1,13.6,2007-1-3
눈의 여왕,16,8.0,2007-1-8
눈의 여왕,15,8.3,2007-1-2
눈의 여왕,14,8.2,2007-1-1
눈의 여왕,13,10.8,2006-12-26
눈의 여왕,12,9.9,2006-12-25
눈의 여왕,11,7.6,2006-12-19
눈의 여왕,10,7.8,2006-12-18
눈의 여왕,9,8.5,2006-12-11
눈의 여왕,8,7.2,2006-12-5
눈의 여왕,7,8.2,2006-12-4
눈의 여왕,6,8.5,2006-11-28
눈의 여왕,5,8.4,2006-11-27
눈의 여왕,4,10.5,2006-11-21
눈의 여왕,3,5.6,2006-11-20
눈의 여왕,2,7.8,2006-11-14
눈의 여왕,1,5.7,2006-11-13
황진이,24,27.1,2006-12-28
황진이,23,20.8,2006-12-27
황진이,22,22.9,2006-12-21
황진이,21,20.6,2006-12-20
황진이,20,20.5,2006-12-14
황진이,19,19.9,2006-12-13
황진이,18,23.8,2006-12-7
황진이,17,19.9,2006-12-6
황진이,16,22.1,2006-11-30
황진이,15,22.1,2006-11-29
황진이,14,26.3,2006-11-23
황진이,13,22.4,2006-11-22
황진이,12,24.6,2006-11-16
황진이,11,22.3,2006-11-15
황진이,10,18.6,2006-11-9
황진이,9,17.3,2006-11-8
황진이,8,17.6,2006-11-2
황진이,7,16.3,2006-11-1
황진이,6,17.9,2006-10-26
황진이,5,16.2,2006-10-25
황진이,4,17.4,2006-10-19
황진이,3,17.1,2006-10-18
황진이,2,17.5,2006-10-12
황진이,1,18.5,2006-10-11
투명인간 최장수,20,18.3,2006-9-7
투명인간 최장수,19,17.1,2006-9-6
투명인간 최장수,18,14.1,2006-8-31
투명인간 최장수,17,14.7,2006-8-30
투명인간 최장수,16,16.3,2006-8-24
투명인간 최장수,15,14.4,2006-8-23
투명인간 최장수,14,17.9,2006-8-17
투명인간 최장수,13,17.3,2006-8-16
투명인간 최장수,12,16.0,2006-8-10
투명인간 최장수,11,13.9,2006-8-9
투명인간 최장수,10,14.4,2006-8-3
투명인간 최장수,9,11.7,2006-8-2
투명인간 최장수,8,13.7,2006-7-27
투명인간 최장수,7,11.8,2006-7-26
투명인간 최장수,6,13.6,2006-7-20
투명인간 최장수,5,14.2,2006-7-19
투명인간 최장수,4,13.3,2006-7-13
투명인간 최장수,3,12.5,2006-7-12
투명인간 최장수,2,15.5,2006-7-6
투명인간 최장수,1,10.1,2006-7-5
포도밭 그 사나이,16,14.1,2006-9-12
포도밭 그 사나이,15,12.6,2006-9-11
포도밭 그 사나이,14,14.0,2006-9-5
포도밭 그 사나이,13,12.1,2006-9-4
포도밭 그 사나이,12,12.5,2006-8-29
포도밭 그 사나이,11,11.5,2006-8-28
포도밭 그 사나이,10,11.8,2006-8-22
포도밭 그 사나이,9,10.5,2006-8-21
포도밭 그 사나이,8,10.1,2006-8-15
포도밭 그 사나이,7,10.3,2006-8-14
포도밭 그 사나이,6,9.5,2006-8-8
포도밭 그 사나이,5,8.9,2006-8-7
포도밭 그 사나이,4,9.0,2006-8-1
포도밭 그 사나이,3,8.0,2006-7-31
포도밭 그 사나이,2,7.3,2006-7-25
포도밭 그 사나이,1,6.4,2006-7-24
미스터 굿바이,16,12.2,2006-7-18
미스터 굿바이,15,12.1,2006-7-17
미스터 굿바이,14,10.9,2006-7-11
미스터 굿바이,13,10.9,2006-7-10
미스터 굿바이,12,10.2,2006-7-4
미스터 굿바이,11,9.5,2006-7-3
미스터 굿바이,10,10.2,2006-6-27
미스터 굿바이,9,15.0,2006-6-26
미스터 굿바이,8,15.0,2006-6-26
미스터 굿바이,7,11.0,2006-6-20
미스터 굿바이,6,9.5,2006-6-6
미스터 굿바이,5,8.5,2006-6-5
미스터 굿바이,4,9.1,2006-5-30
미스터 굿바이,3,8.1,2006-5-29
미스터 굿바이,2,9.7,2006-5-23
미스터 굿바이,1,8.3,2006-5-22
위대한 유산,17,8.5,2006-6-29
위대한 유산,16,8.1,2006-6-28
위대한 유산,15,8.7,2006-6-22
위대한 유산,14,8.9,2006-6-21
위대한 유산,13,7.2,2006-6-15
위대한 유산,12,8.1,2006-6-8
위대한 유산,11,8.8,2006-6-7
위대한 유산,10,8.1,2006-6-1
위대한 유산,9,8.7,2006-5-31
위대한 유산,8,8.9,2006-5-25
위대한 유산,7,7.8,2006-5-24
위대한 유산,6,8.1,2006-5-18
위대한 유산,5,7.5,2006-5-17
위대한 유산,4,5.5,2006-5-11
위대한 유산,3,5.6,2006-5-10
위대한 유산,2,6.6,2006-5-4
위대한 유산,1,5.9,2006-5-3
봄의 왈츠,20,7.5,2006-5-16
봄의 왈츠,19,7.2,2006-5-15
봄의 왈츠,18,8.5,2006-5-9
봄의 왈츠,17,8.0,2006-5-8
봄의 왈츠,16,7.6,2006-5-2
봄의 왈츠,15,7.3,2006-5-1
봄의 왈츠,14,9.1,2006-4-25
봄의 왈츠,13,6.5,2006-4-24
봄의 왈츠,12,7.9,2006-4-11
봄의 왈츠,11,7.1,2006-4-10
봄의 왈츠,10,8.2,2006-4-4
봄의 왈츠,9,8.0,2006-4-3
봄의 왈츠,8,9.5,2006-3-28
봄의 왈츠,7,8.4,2006-3-27
봄의 왈츠,6,8.3,2006-3-21
봄의 왈츠,5,8.7,2006-3-20
봄의 왈츠,4,9.8,2006-3-14
봄의 왈츠,3,10.7,2006-3-13
봄의 왈츠,2,12.5,2006-3-7
봄의 왈츠,1,8.7,2006-3-6
굿바이 솔로,16,9.8,2006-4-20
굿바이 솔로,15,8.2,2006-4-19
굿바이 솔로,14,8.7,2006-4-13
굿바이 솔로,13,8.3,2006-4-12
굿바이 솔로,12,9.2,2006-4-6
굿바이 솔로,11,9.2,2006-4-5
굿바이 솔로,10,8.0,2006-3-30
굿바이 솔로,9,8.8,2006-3-29
굿바이 솔로,8,9.0,2006-3-23
굿바이 솔로,7,10.3,2006-3-22
굿바이 솔로,6,9.7,2006-3-16
굿바이 솔로,5,9.1,2006-3-15
굿바이 솔로,4,9.2,2006-3-9
굿바이 솔로,3,9.2,2006-3-8
굿바이 솔로,2,10.5,2006-3-2
굿바이 솔로,1,16.2,2006-3-1
안녕하세요 하느님,16,9.4,2006-2-28
안녕하세요 하느님,15,7.0,2006-2-27
안녕하세요 하느님,14,8.0,2006-2-21
안녕하세요 하느님,13,8.1,2006-2-20
안녕하세요 하느님,12,9.0,2006-2-14
안녕하세요 하느님,11,7.6,2006-2-13
안녕하세요 하느님,10,8.4,2006-2-7
안녕하세요 하느님,9,8.2,2006-2-6
안녕하세요 하느님,8,8.2,2006-2-6
안녕하세요 하느님,7,9.7,2006-1-31
안녕하세요 하느님,6,11.1,2006-1-24
안녕하세요 하느님,5,9.0,2006-1-23
안녕하세요 하느님,4,10.1,2006-1-17
안녕하세요 하느님,3,9.3,2006-1-16
안녕하세요 하느님,2,9.0,2006-1-10
안녕하세요 하느님,1,10.5,2006-1-9
