강민경,러블리 호러블리,kbs2,2018-08-13,6.2,,,,,,,,,,,,,,,,,,,,,,,,,,,,,,,,,,,,,,,,,,,,,,,,,,,,,,,,,,,,,,,,,,,,,,,,,,,,,,,,
강병택,해신,kbs2,2004-11-24,31.7,거상 김만덕,kbs1,2010-03-06,17,적도의 남자,kbs2,2012-03-21,15.2,정도전,kbs1,2014-01-04,19.8,,,,,,,,,,,,,,,,,,,,,,,,,,,,,,,,,,,,,,,,,,,,,,,,,,,,,,,,,,,,,,,,,,,,
강수연,저글러스,kbs2,2017-12-04,9.9,오늘의 탐정,kbs2,2018-09-05,4.4,조선로코-녹두전,kbs2,2019-09-30,8.3,,,,,,,,,,,,,,,,,,,,,,,,,,,,,,,,,,,,,,,,,,,,,,,,,,,,,,,,,,,,,,,,,,,,,,,,
강일수,태조 왕건,kbs1,2000-04-01,60.4,해신,kbs2,2004-11-24,31.7,바람의 나라,kbs2,2008-09-10,20.2,전우치,kbs2,2012-11-21,15.2,솔로몬의 위증,jtbc,2016-12-16,1.7,신입사관 구해령,mbc,2019-07-17,7.3,,,,,,,,,,,,,,,,,,,,,,,,,,,,,,,,,,,,,,,,,,,,,,,,,,,,,,,,,,,,
곽정환,이 죽일놈의 사랑,kbs2,2005-10-31,14.8,황금사과,kbs2,2005-11-16,14.3,한성별곡,kbs2,2007-07-09,7.6,2008 전설의 고향,kbs2,2008-08-06,20.1,추노,kbs2,2010-01-06,34,도망자 Plan.B,kbs2,2010-09-29,20.7,빠스껫 볼,tvn,2013-10-21,0.6,동네의 영웅,ocn,2016-01-23,1.8,THE K2,tvn,2016-09-23,6.6,미스 함무라비,jtbc,2018-05-21,5.3,보좌관1,jtbc,2019-06-14,5.3,보좌관2,jtbc,2019-11-11,5.3,,,,,,,,,,,,,,,,,,,,,,,,,,,,,,,,,,,,
권계홍,학교3,kbs2,2000-03-05,,못된사랑,kbs2,2007-12-03,10.3,강력반,kbs2,2011-03-07,8.7,미래의 선택,kbs2,2013-10-14,9.7,비켜라 운명아,kbs1,2018-11-05,23.1,,,,,,,,,,,,,,,,,,,,,,,,,,,,,,,,,,,,,,,,,,,,,,,,,,,,,,,,,,,,,,,,
기민수,굿바이 솔로,kbs2,2006-03-01,16.2,그저 바라보다가,kbs2,2009-04-29,14.4,오작교 형제들,kbs2,2011-08-06,36.3,굿 닥터,kbs2,2013-08-05,21.5,블러드,kbs2,2015-02-16,6,,,,,,,,,,,,,,,,,,,,,,,,,,,,,,,,,,,,,,,,,,,,,,,,,,,,,,,,,,,,,,,,
김규태,노란손수건,kbs1,2003-02-03,36.9,이 죽일놈의 사랑,kbs2,2005-10-31,14.8,그들이 사는 세상,kbs2,2008-10-27,7.7,아이리스,kbs2,2009-10-14,35.5,빠담빠담... 그와 그녀의 심장박동소리,jtbc,2011-12-05,2.2,"그 겨울, 바람이 분다",sbs,2013-02-13,15.8,"괜찮아, 사랑이야",sbs,2014-07-23,12.9,달의 연인 – 보보경심 려,sbs,2016-08-29,11.3,라이브(Live),tvn,2018-03-10,7.7,,,,,,,,,,,,,,,,,,,,,,,,,,,,,,,,,,,,,,,,,,,,,,,,
김동휘,고양이는 있다,kbs1,2014-06-09,27.2,착하지 않은 여자들,kbs2,2015-02-25,13.7,장사의 신 - 객주 2015,kbs2,2015-09-23,13,"쌈, 마이웨이",kbs2,2017-05-22,13.8,조선로코-녹두전,kbs2,2019-09-30,8.3,,,,,,,,,,,,,,,,,,,,,,,,,,,,,,,,,,,,,,,,,,,,,,,,,,,,,,,,,,,,,,,,
김민태,마녀의 법정,kbs2,2017-10-09,14.3,,,,,,,,,,,,,,,,,,,,,,,,,,,,,,,,,,,,,,,,,,,,,,,,,,,,,,,,,,,,,,,,,,,,,,,,,,,,,,,,
김상훈,태왕사신기,mbc,2007-09-11,31.9,바람의 나라,kbs2,2008-09-10,20.2,무사 백동수,sbs,2011-07-04,18.5,라이어 게임,tvn,2014-10-20,1.3,보이스,ocn,2017-01-14,5.7,최고의 한방,kbs2,2017-06-02,5.5,고백부부,kbs2,2017-10-13,7.3,내 아이디는 강남미인,jtbc,2018-07-27,5.8,,,,,,,,,,,,,,,,,,,,,,,,,,,,,,,,,,,,,,,,,,,,,,,,,,,,
김상휘,성장드라마 반올림#2,kbs2,2005-03-06,6.7,성장드라마 반올림# 3,kbs2,2006-03-05,7.8,최강! 울엄마,kbs2,2007-03-11,7.3,너는 내 운명,kbs1,2008-05-05,43.6,전우,kbs1,2010-06-19,17.4,대왕의 꿈,kbs1,2012-09-08,13.9,징비록,kbs1,2015-02-14,13.8,인형의 집,kbs2,2018-02-26,16.2,퍼퓸,kbs2,2019-06-03,7.2,,,,,,,,,,,,,,,,,,,,,,,,,,,,,,,,,,,,,,,,,,,,,,,,
김성윤,거상 김만덕,kbs1,2010-03-06,17,드림하이,kbs2,2011-01-03,17.9,빅,kbs2,2012-06-04,11.1,연애의 발견,kbs2,2014-08-18,7.7,후아유 - 학교 2015,kbs2,2015-04-27,8.2,구르미 그린 달빛,kbs2,2016-08-22,23.3,이태원 클라쓰,jtbc,2020-01-31,16.5,,,,,,,,,,,,,,,,,,,,,,,,,,,,,,,,,,,,,,,,,,,,,,,,,,,,,,,,
김영균,넌 네게 반했어,mbc,2008-04-21,12.1,다함께 차차차,kbs1,2009-06-29,37.3,매리는 외박중,kbs2,2010-11-08,9,스파이 명월,kbs2,2011-07-11,9.6,,,,,,,,,,,,,,,,,,,,,,,,,,,,,,,,,,,,,,,,,,,,,,,,,,,,,,,,,,,,,,,,,,,,
김영조,노란손수건,kbs1,2003-02-03,36.9,포도밭 그 사나이,kbs2,2006-07-24,14.1,아이리스,kbs2,2009-10-14,35.5,신데렐라 언니,kbs2,2010-03-31,20.2,근초고왕,kbs1,2010-11-06,12.9,징비록,kbs1,2015-02-14,13.8,장영실,kbs1,2016-01-02,14.1,오 마이 금비,kbs2,2016-11-16,7.2,화랑,kbs2,2016-12-19,13.1,99억의 여자,kbs2,2019-12-04,11.6,,,,,,,,,,,,,,,,,,,,,,,,,,,,,,,,,,,,,,,,,,,,
김용수,화이트 크리스마스,kbs2,2011-01-30,4.9,적도의 남자,kbs2,2012-03-21,15.2,칼의 꽃,kbs2,2013-07-03,6.7,아이언 맨,kbs2,2014-09-10,6.9,복면검사,kbs2,2015-05-20,6.9,베이비시터,kbs2,2016-03-14,3.5,달리는 조사관,ocn,2019-09-18,1.3,,,,,,,,,,,,,,,,,,,,,,,,,,,,,,,,,,,,,,,,,,,,,,,,,,,,,,,,
김원석,열여덟 스물아홉,kbs2,2005-03-07,18.5,TV소설 고향역,kbs1,2005-08-29,17.5,TV소설 강이 되어 만나리,kbs1,2006-03-20,16.8,대왕세종,kbs2,2008-01-05,23,파트너,kbs2,2009-06-24,12.7,신데렐라 언니,kbs2,2010-03-31,20.2,성균관 스캔들,kbs2,2010-08-30,14.3,몬스타,tvn,2013-05-17,1.3,미생,tvn,2014-10-17,8.2,시그널,tvn,2016-01-22,12.5,나의 아저씨,tvn,2018-03-21,7.4,아스달 연대기,tvn,2019-06-01,7.7,,,,,,,,,,,,,,,,,,,,,,,,,,,,,,,,,,,,
김정규,낭랑 18세,kbs2,2004-01-19,,불멸의 이순신,kbs1,2004-09-04,33.1,위대한 유산,kbs2,2006-05-03,8.9,아이 엠 샘,kbs2,2007-08-06,10.6,결혼 못하는 남자,kbs2,2009-06-15,8.8,국가가 부른다,kbs2,2010-05-10,7.6,사랑을 믿어요,kbs2,2011-01-01,31.2,감격시대 : 투신의 탄생,kbs2,2014-01-15,12.6,가족끼리 왜 이래,kbs2,2014-08-16,43.3,아이가 다섯,kbs2,2016-02-20,32.8,생일편지,kbs2,2019-09-11,2.8,,,,,,,,,,,,,,,,,,,,,,,,,,,,,,,,,,,,,,,,
김정민,일단뛰어,kbs2,2006-11-23,6.5,2008 전설의 고향,kbs2,2008-08-06,20.1,2009 전설의 고향,kbs2,2009-08-10,6.4,공주의 남자,kbs2,2011-07-20,24.9,조선총잡이,kbs2,2014-06-25,12.8,대군 - 사랑을 그리다,tv조선,2018-03-03,5.6,간택 - 여인들의 전쟁,tv조선,2019-12-14,6.3,,,,,,,,,,,,,,,,,,,,,,,,,,,,,,,,,,,,,,,,,,,,,,,,,,,,,,,,
김정현,비밀,kbs2,2013-09-25,18.9,태양은 가득히,kbs2,2014-02-17,5.2,스파이,kbs2,2015-01-09,8.5,저글러스,kbs2,2017-12-04,9.9,옥란면옥,kbs2,2018-09-26,5.3,국민 여러분!,kbs2,2019-04-01,8.4,,,,,,,,,,,,,,,,,,,,,,,,,,,,,,,,,,,,,,,,,,,,,,,,,,,,,,,,,,,,
김종연,"힘내요, 미스터 김!",kbs1,2012-11-05,30.8,아이언 맨,kbs2,2014-09-10,6.9,별난 며느리,kbs2,2015-08-17,6,마스터 - 국수의 신,kbs2,2016-04-27,9,,,,,,,,,,,,,,,,,,,,,,,,,,,,,,,,,,,,,,,,,,,,,,,,,,,,,,,,,,,,,,,,,,,,
김종창,첫사랑,kbs2,1996-09-07,65.8,그대 나를 부를 때,kbs2,1997-09-24,,종이학,kbs2,1998-10-31,,햇빛사냥,kbs2,2002-03-25,,노란손수건,kbs1,2003-02-03,36.9,애정의 조건,kbs2,2004-03-20,45.4,장밋및 인생,kbs2,2005-08-24,41.1,행복한 여자,kbs2,2007-01-06,32.5,미워도 다시 한 번 2009,kbs2,2009-02-04,20.4,가시나무새,kbs2,2011-03-02,14.2,MISS 맘마미아,kbs drama,2015-01-28,,세상에서 제일 예쁜 내 딸,kbs2,2019-03-23,35.9,,,,,,,,,,,,,,,,,,,,,,,,,,,,,,,,,,,,
김진우,난폭한 로맨스,kbs2,2012-01-04,7.1,굿 닥터,kbs2,2013-08-05,21.5,힐러,kbs2,2014-12-08,10.3,추리의 여왕,kbs2,2017-04-05,11.6,슈츠,kbs2,2018-04-25,10.7,,,,,,,,,,,,,,,,,,,,,,,,,,,,,,,,,,,,,,,,,,,,,,,,,,,,,,,,,,,,,,,,
김진원,백만송이 장미,kbs1,2003-10-06,33.2,서울 1945,kbs1,2006-01-07,17.9,행복한 여자,kbs2,2007-01-06,32.5,강적들,kbs2,2008-04-14,9.4,로맨스 타운,kbs2,2011-05-11,14.1,세상 어디에도 없는 착한남자,kbs2,2012-09-12,18.3,연애를 기대해,kbs2,2013-09-11,3.2,참 좋은 시절,kbs2,2014-02-22,30.3,내일도 칸타빌레,kbs2,2014-10-13,8.5,너를 기억해,kbs2,2015-06-22,5.3,더 패키지,jtbc,2017-10-13,2.4,그냥 사랑하는 사이,jtbc,2017-12-11,2.4,나의 나라,jtbc,2019-10-04,5,,,,,,,,,,,,,,,,,,,,,,,,,,,,,,,,
김철규,거침없는 사랑,kbs2,2002-05-20,,여름향기,kbs2,2003-07-07,,꽃보다 아름다워,kbs2,2004-01-01,,오! 필승 봉순영,kbs2,2004-09-13,,황진이,kbs2,2006-10-11,27.1,대물,sbs,2010-10-06,28.3,파라다이스 목장,sbs,2011-01-24,10.3,우와한 녀,tvn,2013-04-18,0.6,응급남녀,tvn,2014-01-24,5.1,아름다운 나의 신부,ocn,2015-06-20,1.3,공항 가는 길,kbs2,2016-09-21,9.3,시카고 타자기,tvn,2017-04-07,2.8,마더,tvn,2018-01-24,5,악의 꽃,tvn,2020-07-29,5.7,,,,,,,,,,,,,,,,,,,,,,,,,,,,
김태훈,아테나 : 전쟁의 여신,sbs,2010-12-13,22.8,아이리스2,kbs2,2013-02-13,14.4,,,,,,,,,,,,,,,,,,,,,,,,,,,,,,,,,,,,,,,,,,,,,,,,,,,,,,,,,,,,,,,,,,,,,,,,,,,,
김평중,눈꽃,kbs2,2000-11-13,,두번째 프러포즈,kbs2,2004-09-08,,위대한 유산,kbs2,2006-05-03,8.9,굿바이 마눌,채널A,2012-05-07,0.7,리셋,ocn,2014-08-24,1.3,울지 않는 새,tvn,2015-05-04,2.6,,,,,,,,,,,,,,,,,,,,,,,,,,,,,,,,,,,,,,,,,,,,,,,,,,,,,,,,,,,,
김형석,알게 될거야,kbs2,2004-06-06,,슬픔이여 안녕,kbs2,2005-06-11,30.4,연애결혼,kbs2,2008-08-25,8.8,2009 전설의 고향,kbs2,2009-08-10,6.4,넝쿨째 굴러온 당신,kbs2,2012-02-25,45.3,오 마이 비너스,kbs2,2015-11-16,9.9,황금빛 내 인생,kbs2,2017-09-02,45.1,,,,,,,,,,,,,,,,,,,,,,,,,,,,,,,,,,,,,,,,,,,,,,,,,,,,,,,,
김형일,제국의 아침,kbs1,2002-03-02,31,구미호 외전,kbs2,2004-07-19,19.5,꽃보다 남자,kbs2,2009-01-05,32.9,솔약국집 아들들,kbs2,2009-04-11,44.2,공부의 신,kbs2,2010-01-04,25.1,전우,kbs1,2010-06-19,17.4,프레지던트,kbs2,2010-12-15,10,기막힌 유산,kbs1,2020-04-20,23.5,,,,,,,,,,,,,,,,,,,,,,,,,,,,,,,,,,,,,,,,,,,,,,,,,,,,
나수지,영혼수선공,kbs2,2020-05-06,5.2,,,,,,,,,,,,,,,,,,,,,,,,,,,,,,,,,,,,,,,,,,,,,,,,,,,,,,,,,,,,,,,,,,,,,,,,,,,,,,,,
노상훈,TV소설 새엄마,kbs1,2001-11-05,,천국의 아이들,kbs2,2002-09-09,,보디가드,kbs2,2003-07-05,,낭랑 18세,kbs2,2004-01-19,,서울 1945,kbs1,2006-01-07,17.9,하늘만큼 땅만큼,kbs1,2007-01-15,35.9,2009 전설의 고향,kbs2,2009-08-10,6.4,공부의 신,kbs2,2010-01-04,25.1,오작교 형제들,kbs2,2011-08-06,36.3,직장의 신,kbs2,2013-04-01,14.6,너를 기억해,kbs2,2015-06-22,5.3,,,,,,,,,,,,,,,,,,,,,,,,,,,,,,,,,,,,,,,,
라준모,최고의 한방,kbs2,2017-06-02,5.5,,,,,,,,,,,,,,,,,,,,,,,,,,,,,,,,,,,,,,,,,,,,,,,,,,,,,,,,,,,,,,,,,,,,,,,,,,,,,,,,
모완일,금쪽같은 내새끼,kbs1,2004-06-07,,부활,kbs2,2005-06-01,25,웃어라 동해야,kbs1,2010-10-04,43.9,드림하이 2,kbs2,2012-01-30,10.5,뷰티풀 마인드,kbs2,2016-06-20,4.7,미스티,jtbc,2018-02-02,8.5,부부의 세계,jtbc,2020-03-27,28.4,,,,,,,,,,,,,,,,,,,,,,,,,,,,,,,,,,,,,,,,,,,,,,,,,,,,,,,,
문보현,살다보면,kbs1,1998-03-16,,광끼,kbs2,1999-05-04,,인생은 아름다워,kbs2,2001-05-14,,사랑은 이런거야,kbs1,2001-10-29,,백만송이 장미,kbs1,2003-10-06,33.2,슬픔이여 안녕,kbs2,2005-06-11,30.4,하늘만큼 땅만큼,kbs1,2007-01-15,35.9,싱글파파는 열애중,kbs2,2008-02-18,5.9,집으로 가는 길,kbs1,2009-01-12,30.9,,,,,,,,,,,,,,,,,,,,,,,,,,,,,,,,,,,,,,,,,,,,,,,,
문준하,간서치열전,kbs2,2014-10-13,2.7,라디오 로맨스,kbs2,2018-01-29,5.6,,,,,,,,,,,,,,,,,,,,,,,,,,,,,,,,,,,,,,,,,,,,,,,,,,,,,,,,,,,,,,,,,,,,,,,,,,,,
박기호,별난여자 별난남자,kbs1,2005-09-23,34.3,공주가 돌아왔다,kbs2,2009-09-14,9.2,거상 김만덕,kbs1,2010-03-06,17,도망자 Plan.B,kbs2,2010-09-29,20.7,두근두근 달콤,kbs2,2011-05-02,11.8,넝쿨째 굴러온 당신,kbs2,2012-02-25,45.3,광고천재 이태백,kbs2,2013-02-04,6.3,안단테,kbs1,2017-09-24,2.8,미워도 사랑해,kbs1,2017-11-13,22,,,,,,,,,,,,,,,,,,,,,,,,,,,,,,,,,,,,,,,,,,,,,,,,
박만영,장미울타리,kbs2,2003-06-02,,백만송이 장미,kbs1,2003-10-06,33.2,포도밭 그 사나이,kbs2,2006-07-24,14.1,최강칠우,kbs2,2008-06-17,14.7,결혼해주세요,kbs2,2010-06-19,34.8,달콤한 비밀,kbs2,2014-11-11,21.1,별난 며느리,kbs2,2015-08-17,6,맨홀:이상한 나라의 필,kbs2,2017-08-09,3.1,,,,,,,,,,,,,,,,,,,,,,,,,,,,,,,,,,,,,,,,,,,,,,,,,,,,
박진석,공주가 돌아왔다,kbs2,2009-09-14,9.2,추노,kbs2,2010-01-06,34,전우,kbs1,2010-06-19,17.4,광개토태왕,kbs1,2011-06-04,20.9,해운대 연인들,kbs2,2012-08-06,12.1,전우치,kbs2,2012-11-21,15.2,칼과 꽃,kbs2,2013-07-03,6.7,간서치열전,kbs2,2014-10-13,2.7,맨몸의 소방관,kbs2,2017-01-12,5.2,학교 2017,kbs2,2017-07-17,5.9,,,,,,,,,,,,,,,,,,,,,,,,,,,,,,,,,,,,,,,,,,,,
박찬홍,학교2,kbs2,1999-05-08,,해 뜨고 달 뜨고,kbs1,1999-10-18,,비단향꽃무,kbs2,2001-03-05,,저 푸른 초원 위에,kbs2,2003-01-04,32.8,부활,kbs2,2005-06-01,25,마왕,kbs2,2007-03-21,10.1,발효가족,jtbc,2011-12-07,1.6,상어,kbs2,2013-05-27,10.7,기억,tvn,2016-03-18,3.8,아름다운 세상,jtbc,2019-04-05,5.8,,,,,,,,,,,,,,,,,,,,,,,,,,,,,,,,,,,,,,,,,,,,
박현석,집으로 가는 길,kbs1,2009-01-12,30.9,천하무적 이평강,kbs2,2009-11-09,9.4,공주의 남자,kbs2,2011-07-20,24.9,스파이 명월,kbs2,2015-01-09,8.5,함부로 애틋하게,kbs2,2016-07-06,12.9,개인주의자 지영씨,kbs2,2017-05-08,4.8,땐뽀걸즈,kbs2,2018-12-03,3.5,비밀의 숲2,tvn,2020-08-15,9.4,,,,,,,,,,,,,,,,,,,,,,,,,,,,,,,,,,,,,,,,,,,,,,,,,,,,
배경수,소문난 칠공주,kbs2,2006-04-01,44.4,태양의 여자,kbs2,2008-05-28,26.9,난폭한 로맨스,kbs2,2012-01-04,7.1,태양은 가득히,kbs2,2014-02-17,5.2,,,,,,,,,,,,,,,,,,,,,,,,,,,,,,,,,,,,,,,,,,,,,,,,,,,,,,,,,,,,,,,,,,,,
백상훈,비밀,kbs2,2013-09-25,18.9,후아유 - 학교 2015,kbs2,2015-04-27,8.2,태양의 후예,kbs2,2016-02-24,38.8,구르미 그린 달빛,kbs2,2016-08-22,23.3,더 킹 : 영원의 군주,sbs,2020-04-17,11.6,,,,,,,,,,,,,,,,,,,,,,,,,,,,,,,,,,,,,,,,,,,,,,,,,,,,,,,,,,,,,,,,
서수민,프로듀사,kbs2,2015-05-15,17.7,마음의 소리,kbs2,2016-11-07,5.7,최고의 한방,kbs2,2017-06-02,5.5,,,,,,,,,,,,,,,,,,,,,,,,,,,,,,,,,,,,,,,,,,,,,,,,,,,,,,,,,,,,,,,,,,,,,,,,
서주완,하이 스쿨 : 러브온,kbs2,2014-07-11,3.7,,,,,,,,,,,,,,,,,,,,,,,,,,,,,,,,,,,,,,,,,,,,,,,,,,,,,,,,,,,,,,,,,,,,,,,,,,,,,,,,
성준해,최강! 울엄마,kbs2,2007-03-11,7.3,하이스쿨 : 러브온,kbs2,2014-07-11,3.7,7일의 왕비,kbs2,2017-05-31,7.7,안단테,kbs1,2017-09-24,2.8,끝까지 사랑,kbs2,2018-07-23,16.4,여름아 부탁해,kbs1,2019-04-29,25.2,,,,,,,,,,,,,,,,,,,,,,,,,,,,,,,,,,,,,,,,,,,,,,,,,,,,,,,,,,,,
송민엽,닥터 프리즈너,kbs2,2019-03-20,15.8,,,,,,,,,,,,,,,,,,,,,,,,,,,,,,,,,,,,,,,,,,,,,,,,,,,,,,,,,,,,,,,,,,,,,,,,,,,,,,,,
송현욱,그 여자의 선택,kbs2,2006-05-01,15.8,TV소설 청춘예찬,kbs1,2009-01-05,11.8,열혈장사꾼,kbs2,2009-10-10,12.5,전우치,kbs1,2010-06-19,17.4,브레인,kbs2,2011-11-14,17.9,해운대 연인들,kbs2,2012-08-06,12.1,연애 말고 결혼,tvn,2014-07-04,3.3,슈퍼대디 열,tvn,2015-03-13,1.9,또 오해영,tvn,2016-05-02,10,내성적인 보스,tvn,2017-01-16,3.2,뷰티 인사이드,jtbc,2018-10-01,5.3,우아한 친구들,jtbc,2020-07-10,5.1,,,,,,,,,,,,,,,,,,,,,,,,,,,,,,,,,,,,
신용휘,예쁜 남자,kbs2,2013-11-20,6.3,,,,,,,,,,,,,,,,,,,,,,,,,,,,,,,,,,,,,,,,,,,,,,,,,,,,,,,,,,,,,,,,,,,,,,,,,,,,,,,,
안준용,감격시대 : 투신의 탄생,kbs2,2014-01-15,12.6,오 마이 금비,kbs2,2016-11-16,7.2,,,,,,,,,,,,,,,,,,,,,,,,,,,,,,,,,,,,,,,,,,,,,,,,,,,,,,,,,,,,,,,,,,,,,,,,,,,,
양윤호,아이리스,kbs2,2009-10-14,35.5,크리미널마인드,tvn,2017-07-26,4.2,,,,,,,,,,,,,,,,,,,,,,,,,,,,,,,,,,,,,,,,,,,,,,,,,,,,,,,,,,,,,,,,,,,,,,,,,,,,
오상원,오! 필승 봉순영,kbs2,2004-09-13,,슬픈연가,mbc,2005-01-05,19.5,포세이돈,kbs2,2011-09-19,8.9,,,,,,,,,,,,,,,,,,,,,,,,,,,,,,,,,,,,,,,,,,,,,,,,,,,,,,,,,,,,,,,,,,,,,,,,
오종록,비련초,sbs,1992-08-17,,사랑은 내게 모든 것을 가지라 한다,sbs,1993-05-10,,결혼,sbs,1993-10-25,,사랑은 없다,sbs,1994-08-24,,째즈,sbs,1995-09-06,,연어가 돌아올 때,sbs,1996-11-11,,내 마음을 뺏어봐,sbs,1998-03-25,,해피투게더,sbs,1999-06-16,,줄리엣의 남자,sbs,2000-09-14,,피아노,sbs,2001-11-21,,사랑한다 말해줘,mbc,2004-02-25,,건빵선생과 별사탕,sbs,2005-04-13,,"90일, 사랑할 시간",mbc,2006-11-15,8.6,워킹맘,sbs,2008-07-30,18.2,스타일,sbs,2009-08-01,21.1,대물,sbs,2010-10-06,28.3,일년에 열두남자,tvn,2012-02-15,,최고의 결혼,TV조선,2014-09-27,1.8,포레스트,kbs2,2020-01-29,7.4,,,,,,,,
유관모,퍼퓸,kbs2,2019-06-03,7.2,99억의 여자,kbs2,2019-12-04,11.6,,,,,,,,,,,,,,,,,,,,,,,,,,,,,,,,,,,,,,,,,,,,,,,,,,,,,,,,,,,,,,,,,,,,,,,,,,,,
유영은,추리의 여왕,kbs2,2017-04-05,11.6,맨홀:이상한 나라의 필,kbs2,2017-08-09,3.1,추리의 여왕 시즌2,kbs2,2018-02-28,7.8,계약우정,kbs2,2020-04-06,2.7,,,,,,,,,,,,,,,,,,,,,,,,,,,,,,,,,,,,,,,,,,,,,,,,,,,,,,,,,,,,,,,,,,,,
유종선,천명,kbs2,2013-04-24,9.9,미래의 선택,kbs2,2013-10-14,9.7,천상여자,kbs2,2014-01-06,21.1,태양의 후예,kbs2,2016-02-24,38.8,김비서가 왜 그럴까,tvn,2018-06-06,8.7,"60일, 지정생존자",tvn,2019-07-01,6.2,,,,,,,,,,,,,,,,,,,,,,,,,,,,,,,,,,,,,,,,,,,,,,,,,,,,,,,,,,,,
유철용,화이트 크리스마스,sbs,1997-12-17,,미우나 고우나,sbs,1998-10-19,,달콤한 신부,sbs,1999-10-17,,올인,sbs,2003-01-15,47.7,폭풍속으로,sbs,2004-03-13,25.4,슬픈연가,mbc,2005-01-05,18,히트,mbc,2007-03-19,18.5,태양을 삼켜라,sbs,2009-07-08,18.5,포세이돈,kbs2,2011-09-19,8.9,트라이앵글,mbc,2014-05-05,10.5,사이코지만 괜찮아,tvn,2020-06-20,7.3,,,,,,,,,,,,,,,,,,,,,,,,,,,,,,,,,,,,,,,,
유현기,서울 1945,kbs1,2006-01-07,17.9,산너머 남촌에는 1,kbs1,2007-10-24,16.5,공부의 신,kbs2,2010-01-04,25.1,브레인,kbs2,2011-11-14,17.9,내 딸 서영이,kbs2,2012-09-15,47.6,착하지 않은 여자들,kbs2,2015-02-25,13.7,최고의 이혼,kbs2,2018-10-08,4.5,영혼수선공,kbs2,2020-05-06,5.2,,,,,,,,,,,,,,,,,,,,,,,,,,,,,,,,,,,,,,,,,,,,,,,,,,,,
유호진,최고의 한방,kbs2,2017-06-02,5.5,,,,,,,,,,,,,,,,,,,,,,,,,,,,,,,,,,,,,,,,,,,,,,,,,,,,,,,,,,,,,,,,,,,,,,,,,,,,,,,,
윤석호,느낌,kbs2,1994-07-20,,사랑의 인사,kbs2,1994-11-01,,컬러,kbs2,1996-05-01,,프로포즈,kbs2,1997-06-09,,웨딩드레스,kbs2,1997-12-06,,순수,kbs2,1998-08-17,,광끼,kbs2,1999-05-04,,초대,kbs2,1999-09-20,,가을동화,kbs2,2000-09-18,42.3,겨울연가,kbs2,2002-01-14,28.8,여름향기,kbs2,2003-07-07,,봄의 왈츠,kbs2,2006-03-06,12.5,사랑비,kbs2,2012-03-26,6.4,,,,,,,,,,,,,,,,,,,,,,,,,,,,,,,,
윤성식,대조영,kbs1,2006-09-16,36.8,연애결혼,kbs2,2008-08-25,8.8,남자이야기,kbs2,2009-04-06,9.6,강력반,kbs2,2011-03-07,8.7,각시탈,kbs2,2012-05-30,22.9,최고다 이순신,kbs2,2013-03-09,30.8,왕의 얼굴,kbs2,2014-11-19,9.1,화랑,kbs2,2016-12-19,13.1,바벨,TV조선,2019-01-27,3.7,,,,,,,,,,,,,,,,,,,,,,,,,,,,,,,,,,,,,,,,,,,,,,,,
윤종호,너도 인간이니,kbs2,2018-06-04,9.9,,,,,,,,,,,,,,,,,,,,,,,,,,,,,,,,,,,,,,,,,,,,,,,,,,,,,,,,,,,,,,,,,,,,,,,,,,,,,,,,
이건준,러빙 유,kbs2,2002-07-29,,러브홀릭,kbs2,2005-05-02,9.2,황금사과,kbs2,2005-11-16,14.3,난 네게 반했어,kbs2,2008-04-21,12.1,구미호 : 여우누이뎐,kbs2,2010-07-05,13.1,"부탁해요, 엄마",kbs2,2015-08-15,38.2,,,,,,,,,,,,,,,,,,,,,,,,,,,,,,,,,,,,,,,,,,,,,,,,,,,,,,,,,,,,
이나정,당신 뿐이야,kbs1,2011-11-07,24.8,세상 어디에도 없는 착한남자,kbs2,2012-09-12,18.3,오 마이 비너스,kbs2,2015-11-16,9.9,"쌈, 마이웨이",kbs2,2017-05-22,13.8,,,,,,,,,,,,,,,,,,,,,,,,,,,,,,,,,,,,,,,,,,,,,,,,,,,,,,,,,,,,,,,,,,,,
이덕건,사라비아 공화국,kbs2,1994-03-30,,가면 속의 천사,kbs2,1995-07-05,,폭풍속으로,kbs2,1997-03-03,,우리는 길 잃은 작은 새를 보았다,kbs2,1999-04-19,,색소폰과 찹쌀떡,kbs2,2002-06-03,,아름다운 유호,kbs2,2004-04-19,,별난여자 별난남자,kbs1,2005-09-23,34.3,미우나 고우나,kbs1,2007-09-03,44.2,돌아온 뚝배기,kbs2,2008-06-02,13.2,바람불어 좋은 날,kbs1,2010-02-01,29.3,TV소설 사랑아 사랑아,kbs2,2012-05-07,17.4,사랑은 노래를 타고,kbs1,2013-11-04,31.5,별난 며느리,kbs2,2015-08-17,6,별난 가족,kbs1,2016-05-02,26,TV소설 파도야 파도야,kbs2,2018-02-12,10.4,,,,,,,,,,,,,,,,,,,,,,,,
이민홍,뜨거운 강,kbs2,1986-08-06,,형사 25시,kbs2,1986-10-23,,지구인,kbs2,1990-06-27,,레테의 연가,kbs2,1991-02-06,,가까운 골짜기,kbs2,1991-07-10,,돛배를 찾아서,kbs2,1992-08-12,,살아남은 자의 슬픈,kbs2,1993-08-25,,갈채,kbs2,1995-03-08,,학교1,kbs2,1999-02-22,,성난 얼굴로 돌아봐라,kbs2,2000-02-28,,쿨,kbs2,2001-07-09,,어여쁜 당신,kbs1,2005-02-14,,헬로! 애기씨,kbs2,2007-03-19,16.1,2009 전설의 고향,kbs2,2009-08-10,6.4,학교 2013,kbs2,2012-12-03,15.8,,,,,,,,,,,,,,,,,,,,,,,,
이소연,알게 될거야,kbs2,2004-06-06,,살아가는 동안 후회할 줄 알면서 저지르는 일들 ,kbs2,2008-06-09,5.1,동안미녀,kbs2,2011-05-02,16.2,광고천재 이태백,kbs2,2013-02-04,6.3,총리와 나,kbs2,2013-12-09,8.9,무림학교,kbs2,2016-01-11,5.1,,,,,,,,,,,,,,,,,,,,,,,,,,,,,,,,,,,,,,,,,,,,,,,,,,,,,,,,,,,,
이은미,하이 스쿨 : 러브온,kbs2,2014-07-11,3.7,,,,,,,,,,,,,,,,,,,,,,,,,,,,,,,,,,,,,,,,,,,,,,,,,,,,,,,,,,,,,,,,,,,,,,,,,,,,,,,,
이은진,제빵왕 김탁구,kbs2,2010-06-09,49.3,영광의 재인,kbs2,2011-10-12,20.1,트로트의 연인,kbs2,2014-06-23,9.2,발칙하게 고고,kbs2,2015-10-05,4.3,동네변호사 조들호1,kbs2,2016-03-28,17.3,,,,,,,,,,,,,,,,,,,,,,,,,,,,,,,,,,,,,,,,,,,,,,,,,,,,,,,,,,,,,,,,
이응복,상두야 학교 가자,kbs2,2003-09-15,,쾌걸춘향,kbs2,2005-01-03,32.2,슬픔이여 안녕,kbs2,2005-06-11,30.4,TV소설 순옥이,kbs1,2006-11-06,21.4,TV소설 큰 언니,kbs1,2008-06-09,17.5,2009 전설의 고향,kbs2,2009-08-10,6.4,명가,kbs1,2010-01-02,14.2,드림하이,kbs2,2011-01-03,17.9,드림하이2,kbs2,2012-01-30,10.5,학교 2013,kbs2,2012-12-03,15.8,비밀,kbs2,2013-09-25,18.9,연애의 발견,kbs2,2014-08-18,7.7,태양의 후예,kbs2,2016-02-24,38.8,도깨비,tvn,2016-12-02,20.5,미스터 션샤인,tvn,2018-07-07,18.1,,,,,,,,,,,,,,,,,,,,,,,,
이재상,학교3,kbs2,2000-03-05,,고독,kbs2,2002-10-21,,백설공주,kbs2,2004-03-15,,두번째 프러포즈,kbs2,2004-09-08,,새아빠는 스물아홉,kbs2,2005-02-10,,봄의 왈츠,kbs2,2006-03-06,12.5,달자의 봄,kbs2,2007-01-03,19.9,아빠 셋 엄마 하나,kbs2,2008-04-02,13.3,TV소설 큰 언니,kbs1,2008-06-09,17.5,솔약국집 아들들,kbs2,2009-04-11,44.2,구미호 : 여우누이뎐,kbs2,2010-07-05,13.1,사랑을 믿어요,kbs2,2011-01-01,31.2,예쁜 남자,kbs2,2013-11-20,6.3,트로트의 연인,kbs2,2014-06-23,9.2,아버지가 이상해,kbs2,2017-03-04,36.5,한 번 더 ㄷ녀왔습니다,kbs2,2020-03-28,37,,,,,,,,,,,,,,,,,,,,
이재훈,TV소설 복희 누나,kbs2,2011-11-07,15.8,굿 닥터,kbs2,2013-08-05,21.5,정도전,kbs1,2014-01-04,19.8,김과장,kbs2,2017-01-25,18.4,오늘이 탐정,kbs2,2018-09-05,4.4,,,,,,,,,,,,,,,,,,,,,,,,,,,,,,,,,,,,,,,,,,,,,,,,,,,,,,,,,,,,,,,,
이정미,내일도 칸타빌레,kbs2,2014-10-13,8.5,천상의 약속,kbs2,2016-02-01,21.3,너의 노래를 들려줘,kbs2,2019-08-05,4,,,,,,,,,,,,,,,,,,,,,,,,,,,,,,,,,,,,,,,,,,,,,,,,,,,,,,,,,,,,,,,,,,,,,,,,
이정섭,어여쁜 당신,kbs1,2005-02-14,,경성스캔들,kbs2,2007-06-06,10,쾌도 홍길동,kbs2,2008-01-02,16.9,내사랑 금지옥엽,kbs2,2008-10-04,32.5,천하무적 이평강,kbs2,2009-11-09,9.4,제빵왕 김탁구,kbs2,2010-06-09,49.3,영광의 재인,kbs2,2011-10-12,20.1,울랄라 부부,kbs2,2012-10-01,14.5,힐러,kbs2,2014-12-08,10.3,동네변호사 조들호 1,kbs2,2016-03-28,17.3,7일의 왕비,kbs2,2017-05-31,7.7,"단, 하나의 사랑",kbs2,2019-05-22,9.4,,,,,,,,,,,,,,,,,,,,,,,,,,,,,,,,,,,,
이진서,그녀가 돌아왔다,kbs2,2005-06-27,,최강칠우,kbs2,2008-06-17,14.7,TV소설 청춘예찬,kbs1,2009-01-05,11.8,부자의 탄생,kbs2,2010-03-01,17,동안미녀,kbs2,2011-05-02,16.2,천명,kbs2,2013-04-24,9.9,,,,,,,,,,,,,,,,,,,,,,,,,,,,,,,,,,,,,,,,,,,,,,,,,,,,,,,,,,,,
이현석,본 어게인,kbs2,2020-04-20,4.1,,,,,,,,,,,,,,,,,,,,,,,,,,,,,,,,,,,,,,,,,,,,,,,,,,,,,,,,,,,,,,,,,,,,,,,,,,,,,,,,
이형민,겨울연가,kbs2,2002-01-14,28.8,상두야 학교 가자,kbs2,2003-09-15,,"미안하다, 사랑한다",kbs2,2004-11-08,27,눈의 여왕,kbs2,2006-11-13,10.8,나쁜 남자,sbs,2010-05-26,14.2,한반도,TV조선,2012-02-06,,오렌지 마말레이드,kbs2,2015-05-15,4.9,욱씨남정기,jtbc,2016-03-18,3.2,힘쎈여자 도봉순,jtbc,2017-02-24,9.7,우리가 만난 기적,kbs2,2018-04-02,13.1,나의 위험한 아내,mbn,2020-10-05,2.6,,,,,,,,,,,,,,,,,,,,,,,,,,,,,,,,,,,,,,,,
이호,그놈이 그놈이다,kbs2,2020-07-06,4.4,,,,,,,,,,,,,,,,,,,,,,,,,,,,,,,,,,,,,,,,,,,,,,,,,,,,,,,,,,,,,,,,,,,,,,,,,,,,,,,,
임세준,파랑새의 집,kbs2,2015-02-21,27.5,마스터 - 국수의 신,kbs2,2016-04-27,9,,,,,,,,,,,,,,,,,,,,,,,,,,,,,,,,,,,,,,,,,,,,,,,,,,,,,,,,,,,,,,,,,,,,,,,,,,,,
전기상,사랑의 인사,kbs2,1994-11-01,,파파,kbs2,1996-01-03,,내안의 천사,kbs2,1997-01-06,,완벽한 남자를 만나는 방법,kbs2,1997-11-17,,RNA,kbs2,2000-07-10,30.6,보디가드,kbs2,2003-07-05,,쾌걸춘향,kbs2,2005-01-03,32.2,마이걸,sbs,2005-12-14,24,마녀유희,sbs,2007-03-21,14.9,꽃보다 남자,kbs2,2009-01-05,32.9,아름다운 그대에게,sbs,2012-08-15,7.3,,,,,,,,,,,,,,,,,,,,,,,,,,,,,,,,,,,,,,,,
전산,내일은 사랑,kbs2,1992-11-10,,젊은이의 양지,kbs2,1995-05-06,,파랑새는 있다,kbs2,1997-04-26,,맨발의 청춘,kbs2,1998-02-02,,천사의 키스,kbs2,1998-12-14,,적도의 남자,kbs2,2012-03-21,15.2,루비반지,kbs2,2013-08-19,24.6,복면검사,kbs2,2015-05-20,6.9,,,,,,,,,,,,,,,,,,,,,,,,,,,,,,,,,,,,,,,,,,,,,,,,,,,,
전우성,아줌마가 간다,kbs2,2006-11-13,21.1,대왕세종,kbs2,2008-01-05,23,명가,kbs1,2010-01-02,14.2,로맨스 타운,kbs2,2011-05-11,14.1,울랄라 부부,kbs2,2012-10-01,14.5,오늘부터 사랑해,kbs2,2015-04-06,18.2,천상의 약속,kbs2,2016-02-01,21.3,최강 배달꾼,kbs2,2017-08-04,7.7,당신의 하우스헬퍼,kbs2,2018-07-04,4.5,,,,,,,,,,,,,,,,,,,,,,,,,,,,,,,,,,,,,,,,,,,,,,,,
전창근,애정의 조건,kbs2,2004-03-20,45.4,알게 될거야,kbs2,2004-06-06,,부활,kbs2,2005-06-01,25,TV소설 아름다운 시절,kbs1,2007-11-12,16.6,내사랑 금지옥엽,kbs2,2008-10-04,32.5,우리집 여자들,kbs1,2011-05-16,26.8,직장의 신,kbs2,2013-04-01,14.6,가족끼리 왜 이래,kbs2,2014-08-16,43.3,더 패키지,jtbc,2017-10-13,2.4,쌍갑포차,jtbc,2020-05-20,3.7,,,,,,,,,,,,,,,,,,,,,,,,,,,,,,,,,,,,,,,,,,,,
정정화,꽃미남 라면가게,tvn,2011-10-31,,이웃집 꽃미남,tvn,2013-01-07,1.6,예쁜 남자,kbs2,2013-11-20,6.3,절대그이,sbs,2019-05-15,3.5,바람이 분다,jtbc,2019-05-27,5.7,,,,,,,,,,,,,,,,,,,,,,,,,,,,,,,,,,,,,,,,,,,,,,,,,,,,,,,,,,,,,,,,
정해룡,TV소설 모정의 강,kbs1,1997-11-03,,학교1,kbs2,1999-02-22,,학교4,kbs2,2001-04-08,,TV소설 분이,kbs1,2003-04-21,,웨딩,kbs2,2005-08-23,14.2,투명인간 최장수,kbs2,2006-07-05,18.3,며느리 전성시대,kbs2,2007-07-28,35.3,,,,,,,,,,,,,,,,,,,,,,,,,,,,,,,,,,,,,,,,,,,,,,,,,,,,,,,,
조웅,우리가 만난 기적,kbs2,2018-04-02,13.1,저스티스,kbs2,2019-07-17,7,,,,,,,,,,,,,,,,,,,,,,,,,,,,,,,,,,,,,,,,,,,,,,,,,,,,,,,,,,,,,,,,,,,,,,,,,,,,
지병현,쾌걸춘향,kbs2,2005-01-03,32.2,일단뛰어,kbs2,2006-11-23,6.5,싱글파파는 열애중,kbs2,2008-02-18,5.9,열혈장사꾼,kbs2,2009-10-10,12.5,사랑하길 잘했어,kbs2,2010-10-25,12.3,빅,kbs2,2012-06-04,11.1,파랑새의 집,kbs2,2015-02-21,27.5,어서와,kbs2,2020-03-25,3.6,,,,,,,,,,,,,,,,,,,,,,,,,,,,,,,,,,,,,,,,,,,,,,,,,,,,
지영수,오! 필승 봉순영,kbs2,2004-09-13,,안녕하세요 하느님,kbs2,2006-01-09,11.1,꽃 찾으러 왔단다,kbs2,2007-05-14,7.3,아가씨를 부탁해,kbs2,2009-08-19,18.3,빅맨,kbs2,2014-04-28,12.6,순정에 반하다,jtbc,2015-04-03,1.7,나인룸,tvn,2018-10-06,6.2,,,,,,,,,,,,,,,,,,,,,,,,,,,,,,,,,,,,,,,,,,,,,,,,,,,,,,,,
진형욱,사랑은 이런거야,kbs1,2001-10-29,,꽃피는 봄이 오면,kbs2,2007-01-15,16.4,착한여자 백일홍,kbs2,2007-10-01,14.8,수상한 삼형제,kbs2,2009-10-17,43.5,당신 뿐이야,kbs1,2011-11-07,24.8,왕가네 식구들,kbs2,2013-08-31,48.3,당신만이 내사랑,kbs1,2014-11-24,31.5,내 남자의 비밀,kbs2,2017-09-18,21.8,왜그래 풍상씨,kbs2,2019-01-09,22.7,본 어게인,kbs2,2020-04-20,4.1,,,,,,,,,,,,,,,,,,,,,,,,,,,,,,,,,,,,,,,,,,,,
차영훈,하늘만큼 땅만큼,kbs1,2007-01-15,35.9,각시탈,kbs2,2012-05-30,22.9,상어,kbs2,2013-05-27,10.7,조선총잡이,kbs2,2014-06-25,12.8,왕의 얼굴,kbs2,2014-11-19,9.1,백희가 돌아왔다,kbs2,2016-06-06,10.4,함부로 애틋하게,kbs2,2016-07-06,12.9,너도 인간이니,kbs2,2018-06-04,9.9,동백꽃 필 무렵,kbs2,2019-09-18,23.8,,,,,,,,,,,,,,,,,,,,,,,,,,,,,,,,,,,,,,,,,,,,,,,,
최상열,너의 노래를 들려줘,kbs2,2019-08-05,4,,,,,,,,,,,,,,,,,,,,,,,,,,,,,,,,,,,,,,,,,,,,,,,,,,,,,,,,,,,,,,,,,,,,,,,,,,,,,,,,
최성범,달려라 울엄마,kbs2,2003-06-09,,달래네 집,kbs2,2004-05-17,,올드미스 다이어리,kbs2,2004-11-22,,9회말 2아웃,mbc,2007-07-14,9.3,정글피쉬1,kbs2,2008-05-05,3.3,패밀리,kbs2,2012-08-13,10.3,오렌지 마말레이드,kbs2,2015-05-15,4.9,내 아이디는 강남미인,jtbc,2018-07-27,5.8,,,,,,,,,,,,,,,,,,,,,,,,,,,,,,,,,,,,,,,,,,,,,,,,,,,,
최연수,출사표,kbs2,2020-07-01,3.7,,,,,,,,,,,,,,,,,,,,,,,,,,,,,,,,,,,,,,,,,,,,,,,,,,,,,,,,,,,,,,,,,,,,,,,,,,,,,,,,
최윤석,어셈블리,kbs2,2015-07-15,6,김과장,kbs2,2017-01-25,18.4,추리의 여왕 시즌2,kbs2,2018-02-28,7.8,죽어도 좋아,kbs2,2018-11-07,4,그놈이 그놈이다,kbs2,2020-07-06,4.4,,,,,,,,,,,,,,,,,,,,,,,,,,,,,,,,,,,,,,,,,,,,,,,,,,,,,,,,,,,,,,,,
표민수,거짓말,kbs2,1998-03-30,,슬픈 유혹,kbs2,1999-12-26,,바보 같은 사랑,kbs2,2000-04-24,,푸른 안개,kbs2,2001-03-24,,고독,kbs2,2002-10-21,,풀하우스,kbs2,2004-07-14,40.2,넌 어느 별에서 왔니,mbc,2006-03-13,17.1,인순이는 예쁘다,kbs2,2007-11-07,10.4,그들이 사는 세상,kbs2,2008-10-27,7.7,커피하우스,sbs,2010-05-17,10.1,넌 내게 반했어,mbc,2011-06-29,7.6,꽃미남 라면가게,tvn,2011-10-31,,아이리스2,kbs2,2013-02-13,14.4,호구의 사랑,tvn,2015-02-09,1.4,프로듀사,kbs2,2015-05-15,17.7,제3의 매력,jtbc,2018-09-28,3.4,,,,,,,,,,,,,,,,,,,,
하병훈,마음의 소리,kbs2,2016-11-07,5.7,고백부부,kbs2,2017-10-13,7.3,18 어게인,jtbc,2020-09-21,2.8,,,,,,,,,,,,,,,,,,,,,,,,,,,,,,,,,,,,,,,,,,,,,,,,,,,,,,,,,,,,,,,,,,,,,,,,
한상우,미우나 고우나,kbs1,2007-09-03,44.2,파트너,kbs2,2009-06-24,12.7,우리집 여자들,kbs1,2011-05-16,26.8,적도의 남자,kbs2,2012-03-21,15.2,내일도 칸타빌레,kbs2,2014-10-13,8.5,착하지 않은 여자들,kbs2,2015-02-25,13.7,흑기사,kbs2,2017-12-06,13.9,동네변호사 조들호2 : 죄와벌,kbs2,2019-01-07,9.3,,,,,,,,,,,,,,,,,,,,,,,,,,,,,,,,,,,,,,,,,,,,,,,,,,,,
한준서,정 때문에,kbs2,1997-03-03,48.7,학교2,kbs2,1999-05-08,,불멸의 이순신,kbs1,2004-09-04,33.1,도망자 이두용,kbs2,2006-09-27,7.2,경성스캔들,kbs2,2007-06-06,10,강적들,kbs2,2008-04-14,9.4,내사랑 금지옥엽,kbs2,2008-10-04,32.5,아내와 여자,kbs2,2008-10-20,13.1,부자의 탄생,kbs2,2010-03-01,17,사랑은 뷰티풀 인생은 원더풀,kbs2,2019-09-28,32.3,,,,,,,,,,,,,,,,,,,,,,,,,,,,,,,,,,,,,,,,,,,,
함영훈,열여덟 스물아홉,kbs2,2005-03-07,18.5,미스터 굿바이,kbs2,2006-05-22,15,헬로! 애기씨,kbs2,2007-03-19,16.1,얼렁뚱땅 흥신소,kbs2,2007-10-08,5.2,,,,,,,,,,,,,,,,,,,,,,,,,,,,,,,,,,,,,,,,,,,,,,,,,,,,,,,,,,,,,,,,,,,,
홍석구,안녕하세요 하느님,kbs2,2006-01-09,11.1,우리를 행복하게 하는 몇 가지 질문,kbs2,2007-05-30,8.8,"경숙이, 경숙아버지",kbs2,2009-01-21,13.5,2009 전설의 고향,kbs2,2009-08-10,6.4,매리는 외박중,kbs2,2010-11-08,9,"힘내요, 미스터 김!",kbs1,2012-11-05,30.8,골든 크로스,kbs2,2014-04-09,11.3,완벽한 아내,kbs2,2017-02-27,6.4,하나뿐인 내편,kbs2,2018-09-15,49.4,,,,,,,,,,,,,,,,,,,,,,,,,,,,,,,,,,,,,,,,,,,,,,,,
황승기,라디오 로맨스,kbs2,2018-01-29,5.6,저스티스,kbs2,2019-07-17,7,출사표,kbs2,2020-07-01,3.7,,,,,,,,,,,,,,,,,,,,,,,,,,,,,,,,,,,,,,,,,,,,,,,,,,,,,,,,,,,,,,,,,,,,,,,,
황의경,학교1,kbs2,1999-02-22,,웨딩,kbs2,2005-08-23,14.2,소문난 칠공주,kbs2,2006-04-01,44.4,미스터 굿바이,kbs2,2006-05-22,15,강적들,kbs2,2008-04-14,9.4,그들이 사는 세상,kbs2,2008-10-27,7.7,파트너,kbs2,2009-06-24,12.7,로맨스 타운,kbs2,2011-05-11,14.1,TV소설 복희 누나,kbs2,2011-11-07,15.8,난폭한 로맨스,kbs2,2012-01-04,7.1,빅,kbs2,2012-06-04,11.1,울랄라 부부,kbs2,2012-10-01,14.5,학교 2013,kbs2,2012-12-03,15.8,직장의 신,kbs2,2013-04-01,14.6,상어,kbs2,2013-05-27,10.7,비밀,kbs2,2013-09-25,18.9,매드독,kbs2,2017-10-11,9.7,같이 살래요,kbs2,2018-03-17,36.9,하나뿐인 내편,kbs2,2018-09-15,49.4,땐뽀걸즈,kbs2,2018-12-03,3.5,닥터 프리즈너,kbs2,2019-03-20,15.8
황인혁,꽃보다 아름다워,kbs2,2004-01-01,,굿바이 솔로,kbs2,2006-03-01,16.2,열아홉 순정,kbs1,2006-05-22,43.2,얼렁뚱땅 흥신소,kbs2,2007-10-08,5.2,천추태후,kbs2,2009-01-03,23.1,성균관 스캔들,kbs2,2010-08-30,14.3,스파이 명월,kbs2,2011-07-11,9.6,어셈블리,kbs2,2015-07-15,6,월계수 양복점 신사들,kbs2,2016-08-27,36.2,닥터 프리즈너,kbs2,2019-03-20,15.8,,,,,,,,,,,,,,,,,,,,,,,,,,,,,,,,,,,,,,,,,,,,
